Date,Month,Description,Amount,Direction,Categoria,TxnType,Source,mes,year
2025-05-05,2025-05,"Card transaction of 40.32 GBP issued by Boots,Gracechurch St LONDON",-40.32,DEBIT,Farmácia,CARD,Wise,5,2025
2025-05-05,2025-05,Card transaction of 36.36 GBP issued by Sainsburys S/mkts LONDON  CORNH,-36.36,DEBIT,Mercado,CARD,Wise,5,2025
2025-05-06,2025-05,Card transaction of 16.39 GBP issued by Pret A Manger LONDON,-16.39,DEBIT,Restaurante,CARD,Wise,5,2025
2025-05-06,2025-05,Card transaction of 7.80 GBP issued by Tesco Stores 5380 LONDON,-7.8,DEBIT,Mercado,CARD,Wise,5,2025
2025-05-07,2025-05,Card transaction of 14.16 GBP issued by Amazon* Rg4su0r94 LONDON,-14.16,DEBIT,Amazon,CARD,Wise,5,2025
2025-05-07,2025-05,Card transaction of 8.60 GBP issued by Tfl Travel Ch TFL.GOV.UK/CP,-8.6,DEBIT,Transporte,CARD,Wise,5,2025
2025-05-07,2025-05,Card transaction of 4.65 GBP issued by Tfl Travel Ch TFL.GOV.UK/CP,-4.65,DEBIT,Transporte,CARD,Wise,5,2025
2025-05-08,2025-05,Sent money to Billing Better,-38,DEBIT,Transferência,TRANSFER,Wise,5,2025
2025-05-08,2025-05,Card transaction of 9.57 GBP issued by Amazon* Rv7ed2ij4 LONDON,-9.57,DEBIT,Amazon,CARD,Wise,5,2025
2025-05-08,2025-05,Card transaction of 7.60 GBP issued by Soleil Dry Cleaners - Na LIMEHOUSE,-7.6,DEBIT,Limpeza,CARD,Wise,5,2025
2025-05-09,2025-05,Card transaction of 6.40 GBP issued by Tfl Travel Ch TFL.GOV.UK/CP,-6.4,DEBIT,Transporte,CARD,Wise,5,2025
2025-05-13,2025-05,Card transaction of 18.99 GBP issued by Amazon* Wd3o614f5 LONDON,-18.99,DEBIT,Amazon,CARD,Wise,5,2025
2025-05-13,2025-05,Card transaction of 16.14 GBP issued by Amazon* Ls6u07i55 LONDON,-16.14,DEBIT,Amazon,CARD,Wise,5,2025
2025-05-13,2025-05,Card transaction of 12.00 GBP issued by Zettle_*Yolk London,-12,DEBIT,Restaurante,CARD,Wise,5,2025
2025-05-13,2025-05,Card transaction of 12.00 GBP issued by Vodafone Limited FENCHURCH 602,-12,DEBIT,Celular,CARD,Wise,5,2025
2025-05-13,2025-05,"Card transaction of 7.85 GBP issued by Boots,Gracechurch St LONDON",-7.85,DEBIT,Farmácia,CARD,Wise,5,2025
2025-05-13,2025-05,Card transaction of 5.80 GBP issued by Tfl Travel Ch TFL.GOV.UK/CP,-5.8,DEBIT,Transporte,CARD,Wise,5,2025
2025-05-13,2025-05,Card transaction of 5.35 GBP issued by Tesco Stores 5130 EASTCHEAP,-5.35,DEBIT,Mercado,CARD,Wise,5,2025
2025-05-13,2025-05,Card transaction of 1.80 GBP issued by Food Inn 24/7 London,-1.8,DEBIT,Mercado,CARD,Wise,5,2025
2025-05-14,2025-05,Card transaction of 18.49 GBP issued by Www.amazon.* 8c4lh8xu5 LONDON,-18.49,DEBIT,Amazon,CARD,Wise,5,2025
2025-05-14,2025-05,Card transaction of 5.99 GBP issued by Netflix.com Los Gatos,-5.99,DEBIT,Transporte,CARD,Wise,5,2025
2025-05-15,2025-05,Card transaction of 9.80 GBP issued by Tesco Stores 5130 EASTCHEAP,-9.8,DEBIT,Mercado,CARD,Wise,5,2025
2025-05-15,2025-05,Card transaction of 6.40 GBP issued by Tfl Travel Ch TFL.GOV.UK/CP,-6.4,DEBIT,Transporte,CARD,Wise,5,2025
2025-05-15,2025-05,Card transaction of 3.00 GBP issued by Tesco Stores 5130 EASTCHEAP,-3,DEBIT,Mercado,CARD,Wise,5,2025
2025-05-16,2025-05,Sent money to HARLLA MARTINS D S L SIQUEIRA,-91,DEBIT,Transferência,TRANSFER,Wise,5,2025
2025-05-16,2025-05,Card transaction of 5.50 GBP issued by Tesco Stores 5130 EASTCHEAP,-5.5,DEBIT,Mercado,CARD,Wise,5,2025
2025-05-17,2025-05,Card transaction of 13.50 GBP issued by Design District Limite London,-13.5,DEBIT,Restaurante,CARD,Wise,5,2025
2025-05-17,2025-05,Card transaction of 5.80 GBP issued by Tfl Travel Ch TFL.GOV.UK/CP,-5.8,DEBIT,Transporte,CARD,Wise,5,2025
2025-05-17,2025-05,Card transaction of 5.70 GBP issued by Tesco Stores 5130 EASTCHEAP,-5.7,DEBIT,Mercado,CARD,Wise,5,2025
2025-05-18,2025-05,Card transaction of 9.49 GBP issued by Chicken Hub LONDON,-9.49,DEBIT,Restaurante,CARD,Wise,5,2025
2025-05-18,2025-05,Card transaction of 2.20 GBP issued by Nyx*Puregym Leeds,-2.2,DEBIT,Academia,CARD,Wise,5,2025
2025-05-19,2025-05,Card transaction of 9.50 GBP issued by Tesco Stores 5736 LIMEHOUSE,-9.5,DEBIT,Mercado,CARD,Wise,5,2025
2025-05-19,2025-05,Card transaction of 7.80 GBP issued by Tfl Travel Ch TFL.GOV.UK/CP,-7.8,DEBIT,Transporte,CARD,Wise,5,2025
2025-05-20,2025-05,Card transaction of 75.00 GBP issued by Doctap.co.uk ENGLAND,-75,DEBIT,Farmácia,CARD,Wise,5,2025
2025-05-20,2025-05,"Card transaction of 9.90 GBP issued by Boots,Gracechurch St LONDON",-9.9,DEBIT,Farmácia,CARD,Wise,5,2025
2025-05-20,2025-05,Card transaction of 9.00 GBP issued by Bilhana Lebanese Deli LONDON,-9,DEBIT,Restaurante,CARD,Wise,5,2025
2025-05-20,2025-05,Card transaction of 7.55 GBP issued by Tfl Travel Ch TFL.GOV.UK/CP,-7.55,DEBIT,Transporte,CARD,Wise,5,2025
2025-05-21,2025-05,Card transaction of 24.95 GBP issued by Laundryheap 4749645 LONDON,-24.95,DEBIT,Limpeza,CARD,Wise,5,2025
2025-05-21,2025-05,"Card transaction of 19.80 GBP issued by Boots,Gracechurch St LONDON",-19.8,DEBIT,Farmácia,CARD,Wise,5,2025
2025-05-21,2025-05,Card transaction of 17.24 GBP issued by Tesco Stores 5130 EASTCHEAP,-17.24,DEBIT,Mercado,CARD,Wise,5,2025
2025-05-21,2025-05,Card transaction of 7.00 GBP issued by Tfl Travel Ch TFL.GOV.UK/CP,-7,DEBIT,Transporte,CARD,Wise,5,2025
2025-05-21,2025-05,Card transaction of 5.80 GBP issued by Tesco Stores 5130 EASTCHEAP,-5.8,DEBIT,Mercado,CARD,Wise,5,2025
2025-05-21,2025-05,Card transaction of 2.49 GBP issued by Robert Dyas Gracechurch S LONDON,-2.49,DEBIT,Amazon,CARD,Wise,5,2025
2025-05-22,2025-05,Card transaction of 43.03 GBP issued by Amazon* 7v7i55o65 LONDON,-43.03,DEBIT,Amazon,CARD,Wise,5,2025
2025-05-22,2025-05,Card transaction of 32.00 GBP issued by Laundryheap 4749645 LONDON,-32,DEBIT,Limpeza,CARD,Wise,5,2025
2025-05-22,2025-05,Card transaction of 15.43 GBP issued by Uber   *Eats HELP.UBER.COM,-15.43,DEBIT,Restaurante,CARD,Wise,5,2025
2025-05-23,2025-05,Goodlord,-565.38,DEBIT,Aluguel,Card Payment,Revolut,5,2025
2025-05-23,2025-05,Sent money to HARLLA MARTINS D S L SIQUEIRA,-91,DEBIT,Transferência,TRANSFER,Wise,5,2025
2025-05-23,2025-05,Card transaction of 9.25 GBP issued by Tesco Stores 5130 EASTCHEAP,-9.25,DEBIT,Mercado,CARD,Wise,5,2025
2025-05-23,2025-05,Card transaction of 5.80 GBP issued by Tfl Travel Ch TFL.GOV.UK/CP,-5.8,DEBIT,Transporte,CARD,Wise,5,2025
2025-05-24,2025-05,Card transaction of 18.90 GBP issued by Tesco Stores 5130 EASTCHEAP,-18.9,DEBIT,Mercado,CARD,Wise,5,2025
2025-05-24,2025-05,Card transaction of 13.99 GBP issued by Amazon* U86p81q05 LONDON,-13.99,DEBIT,Amazon,CARD,Wise,5,2025
2025-05-24,2025-05,Card transaction of 13.00 GBP issued by Sq *Crunch Soho London,-13,DEBIT,Restaurante,CARD,Wise,5,2025
2025-05-24,2025-05,Card transaction of 12.99 GBP issued by Waterstones Foyles - Char LONDON,-12.99,DEBIT,Amazon,CARD,Wise,5,2025
2025-05-24,2025-05,Card transaction of 5.60 GBP issued by Tfl Travel Ch TFL.GOV.UK/CP,-5.6,DEBIT,Transporte,CARD,Wise,5,2025
2025-05-26,2025-05,Card transaction of 21.68 GBP issued by Uber   *Eats HELP.UBER.COM,-34.92,DEBIT,Restaurante,CARD,Wise,5,2025
2025-05-26,2025-05,Card transaction of 12.25 GBP issued by Tesco Stores 5130 EASTCHEAP,-12.25,DEBIT,Mercado,CARD,Wise,5,2025
2025-05-27,2025-05,Card transaction of 17.05 GBP issued by Uber   * Eats Pending London,-17.05,DEBIT,Restaurante,CARD,Wise,5,2025
2025-05-28,2025-05,Card transaction of 17.05 GBP issued by Uber   *Eats HELP.UBER.COM,-17.05,DEBIT,Restaurante,CARD,Wise,5,2025
2025-05-29,2025-05,Card transaction of 21.30 GBP issued by Tesco Stores 5130 EASTCHEAP,-21.3,DEBIT,Mercado,CARD,Wise,5,2025
2025-05-29,2025-05,Card transaction of 8.00 GBP issued by Sq *Dipped In Chocolate Kent,-8,DEBIT,Restaurante,CARD,Wise,5,2025
2025-05-31,2025-05,Sent money to HARLLA MARTINS D S L SIQUEIRA,-91,DEBIT,Transferência,TRANSFER,Wise,5,2025
2025-05-31,2025-05,Card transaction of 45.50 GBP issued by Serpentine Bar&kitchen LONDON,-45.5,DEBIT,Restaurante,CARD,Wise,5,2025
2025-06-05,2025-06,Card transaction of 24.95 GBP issued by Laundryheap 5884670 LONDON,-24.95,DEBIT,Limpeza,CARD,Wise,6,2025
2025-06-05,2025-06,"Card transaction of 9.90 GBP issued by Boots,Gracechurch St LONDON",-9.9,DEBIT,Farmácia,CARD,Wise,6,2025
2025-06-06,2025-06,Card transaction of 12.30 GBP issued by Bao LONDON  EC4N,-12.3,DEBIT,Restaurante,CARD,Wise,6,2025
2025-06-06,2025-06,Card transaction of 8.50 GBP issued by Porterford Butchers LONDON,-8.5,DEBIT,Mercado,CARD,Wise,6,2025
2025-06-07,2025-06,To Oh Goodlord Ltd,-2800,DEBIT,Caucao,Transfer,Revolut,6,2025
2025-06-07,2025-06,To Oh Goodlord Ltd,-3000,DEBIT,Aluguel,Transfer,Revolut,6,2025
2025-06-07,2025-06,Sent money to Natalia Gomes do Nascimento,-300,DEBIT,Transferência,TRANSFER,Wise,6,2025
2025-06-07,2025-06,Card transaction of 19.90 GBP issued by Greshamstreet London,-19.9,DEBIT,Restaurante,CARD,Wise,6,2025
2025-06-07,2025-06,Card transaction of 4.65 GBP issued by Tfl Travel Ch TFL.GOV.UK/CP,-4.65,DEBIT,Transporte,CARD,Wise,6,2025
2025-06-08,2025-06,Card transaction of 221.16 GBP issued by Amazon* Rf7av5jo4 LONDON,-221.16,DEBIT,Amazon,CARD,Wise,6,2025
2025-06-09,2025-06,Card transaction of 20.00 GBP issued by Tfl Travel Ch TFL.GOV.UK/CP,-20,DEBIT,Transporte,CARD,Wise,6,2025
2025-06-13,2025-06,Card transaction of 12.00 GBP issued by Www.voxi.co.uk VODAFONE LTD,-12,DEBIT,Celular,CARD,Wise,6,2025
2025-06-13,2025-06,Card transaction of 8.50 GBP issued by Porterford Butchers LONDON,-8.5,DEBIT,Mercado,CARD,Wise,6,2025
2025-06-13,2025-06,Card transaction of 5.99 GBP issued by Netflix.com Los Gatos,-5.99,DEBIT,Transporte,CARD,Wise,6,2025
2025-06-13,2025-06,Card transaction of 5.50 GBP issued by Pret A Manger LONDON,-5.5,DEBIT,Restaurante,CARD,Wise,6,2025
2025-06-13,2025-06,Card transaction of 2.90 GBP issued by Tfl Travel Ch TFL.GOV.UK/CP,-2.9,DEBIT,Transporte,CARD,Wise,6,2025
2025-06-14,2025-06,Card transaction of 17.35 GBP issued by Tesco Stores 5518 LONDON,-17.35,DEBIT,Mercado,CARD,Wise,6,2025
2025-06-14,2025-06,Card transaction of 1.50 GBP issued by Tesco Stores 5518 LONDON,-1.5,DEBIT,Mercado,CARD,Wise,6,2025
2025-06-15,2025-06,Card transaction of 1.50 GBP issued by Tesco Stores 5518 LONDON,-1.5,DEBIT,Mercado,CARD,Wise,6,2025
2025-06-16,2025-06,Card transaction of 21.00 GBP issued by Pret A Manger LONDON,-21,DEBIT,Restaurante,CARD,Wise,6,2025
2025-06-16,2025-06,Card transaction of 2.90 GBP issued by Tfl Travel Ch TFL.GOV.UK/CP,-2.9,DEBIT,Transporte,CARD,Wise,6,2025
2025-06-17,2025-06,Card transaction of 8.50 GBP issued by Tfl Travel Ch TFL.GOV.UK/CP,-8.5,DEBIT,Transporte,CARD,Wise,6,2025
2025-06-17,2025-06,Card transaction of 2.55 GBP issued by Tesco Stores 5518 LONDON,-2.55,DEBIT,Mercado,CARD,Wise,6,2025
2025-06-18,2025-06,Card transaction of 3.42 GBP issued by Pure Beak LONDON,-3.42,DEBIT,Restaurante,CARD,Wise,6,2025
2025-06-18,2025-06,Card transaction of 2.60 GBP issued by Pure Beak LONDON,-2.6,DEBIT,Restaurante,CARD,Wise,6,2025
2025-06-18,2025-06,Card transaction of 1.70 GBP issued by Tesco Stores 5518 LONDON,-1.7,DEBIT,Mercado,CARD,Wise,6,2025
2025-06-19,2025-06,Card transaction of 13.55 GBP issued by Tesco Stores 5518 LONDON,-13.55,DEBIT,Mercado,CARD,Wise,6,2025
2025-06-19,2025-06,"Card transaction of 9.90 GBP issued by Boots,Gracechurch St LONDON",-9.9,DEBIT,Farmácia,CARD,Wise,6,2025
2025-06-19,2025-06,Card transaction of 8.90 GBP issued by Tfl Travel Ch TFL.GOV.UK/CP,-8.9,DEBIT,Transporte,CARD,Wise,6,2025
2025-06-19,2025-06,Card transaction of 8.25 GBP issued by Gold Star Dry Cleaners London,-8.25,DEBIT,Limpeza,CARD,Wise,6,2025
2025-06-19,2025-06,Card transaction of 6.00 GBP issued by Sq *Dipped In Chocolate Kent,-6,DEBIT,Restaurante,CARD,Wise,6,2025
2025-06-19,2025-06,Card transaction of 2.75 GBP issued by Tesco Stores 5518 LONDON,-2.75,DEBIT,Mercado,CARD,Wise,6,2025
2025-06-19,2025-06,"Card transaction of 1.40 GBP issued by Boots,Gracechurch St LONDON",-1.4,DEBIT,Farmácia,CARD,Wise,6,2025
2025-06-20,2025-06,Sent money to HARLLA MARTINS D S L SIQUEIRA,-87,DEBIT,Transferência,TRANSFER,Wise,6,2025
2025-06-20,2025-06,Card transaction of 52.99 GBP issued by Www.amazon.* 2631a22d5 LONDON,-52.99,DEBIT,Amazon,CARD,Wise,6,2025
2025-06-20,2025-06,Card transaction of 33.44 GBP issued by Costcutter LONDON E1,-33.44,DEBIT,Mercado,CARD,Wise,6,2025
2025-06-20,2025-06,Card transaction of 26.49 GBP issued by Uber   *Trip HELP.UBER.COM,-26.49,DEBIT,Uber,CARD,Wise,6,2025
2025-06-20,2025-06,Card transaction of 24.86 GBP issued by Ubr* Pending.uber.com London,-24.86,DEBIT,Uber,CARD,Wise,6,2025
2025-06-20,2025-06,Card transaction of 13.30 GBP issued by Tfl Travel Ch TFL.GOV.UK/CP,-13.3,DEBIT,Transporte,CARD,Wise,6,2025
2025-06-20,2025-06,Card transaction of 10.00 GBP issued by Tfl Travel Ch TFL.GOV.UK/CP,-10,DEBIT,Transporte,CARD,Wise,6,2025
2025-06-20,2025-06,Sent money to Karwood ltd,-6.4,DEBIT,Transferência,TRANSFER,Wise,6,2025
2025-06-20,2025-06,Chai,-5.95,DEBIT,Restaurante,Card Payment,Revolut,6,2025
2025-06-20,2025-06,Card transaction of 4.00 GBP issued by Tesco Stores 5518 LONDON,-4,DEBIT,Mercado,CARD,Wise,6,2025
2025-06-20,2025-06,Card transaction of 2.80 GBP issued by Tfl Travel Ch TFL.GOV.UK/CP,-2.8,DEBIT,Transporte,CARD,Wise,6,2025
2025-06-20,2025-06,Card transaction of 2.63 GBP issued by Www.amazon.* 3r1ed70g5 LONDON,-2.63,DEBIT,Amazon,CARD,Wise,6,2025
2025-06-20,2025-06,Card transaction of 1.20 GBP issued by Costcutter LONDON E1,-1.2,DEBIT,Mercado,CARD,Wise,6,2025
2025-06-21,2025-06,Card transaction of 152.98 GBP issued by Amazon* Hs3gq3eg5 LONDON,-152.98,DEBIT,Amazon,CARD,Wise,6,2025
2025-06-21,2025-06,Card transaction of 21.95 GBP issued by Amazon* 265ay5005 LONDON,-21.95,DEBIT,Amazon,CARD,Wise,6,2025
2025-06-21,2025-06,Card transaction of 11.00 GBP issued by Sainsburys S/mkts LIMEHOUSE,-11,DEBIT,Mercado,CARD,Wise,6,2025
2025-06-21,2025-06,Card transaction of 7.02 GBP issued by Costcutter LONDON E1,-7.02,DEBIT,Mercado,CARD,Wise,6,2025
2025-06-21,2025-06,Card transaction of 6.99 GBP issued by Amazon* Y92g443r5 LONDON,-6.99,DEBIT,Amazon,CARD,Wise,6,2025
2025-06-21,2025-06,Card transaction of 6.99 GBP issued by Amazon* 953du11k5 LONDON,-6.99,DEBIT,Amazon,CARD,Wise,6,2025
2025-06-21,2025-06,Card transaction of 4.29 GBP issued by Costcutter LONDON E1,-4.29,DEBIT,Mercado,CARD,Wise,6,2025
2025-06-22,2025-06,Card transaction of 10.00 GBP issued by Vesta  *Vodafone Topup VODAFONE.COUK,-10,DEBIT,Celular,CARD,Wise,6,2025
2025-06-22,2025-06,Card transaction of 7.96 GBP issued by Costcutter LONDON E1,-7.96,DEBIT,Mercado,CARD,Wise,6,2025
2025-06-22,2025-06,Card transaction of 5.99 GBP issued by Lovers Mini Market LONDON,-5.99,DEBIT,Mercado,CARD,Wise,6,2025
2025-06-22,2025-06,Card transaction of 4.98 GBP issued by Costcutter LONDON E1,-4.98,DEBIT,Mercado,CARD,Wise,6,2025
2025-06-23,2025-06,Card transaction of 150.00 GBP issued by Www.iqgroup.org.uk 07500 551127,-150,DEBIT,Energia,CARD,Wise,6,2025
2025-06-23,2025-06,Card transaction of 10.00 GBP issued by Vesta  *Vodafone Topup VODAFONE.COUK,-10,DEBIT,Celular,CARD,Wise,6,2025
2025-06-23,2025-06,Card transaction of 8.90 GBP issued by Tfl Travel Ch TFL.GOV.UK/CP,-8.9,DEBIT,Transporte,CARD,Wise,6,2025
2025-06-24,2025-06,Card transaction of 13.75 GBP issued by Shake Shack - Mh London,-13.75,DEBIT,Restaurante,CARD,Wise,6,2025
2025-06-24,2025-06,Card transaction of 9.00 GBP issued by Lebara Mobile Limited London,-9,DEBIT,Celular,CARD,Wise,6,2025
2025-06-24,2025-06,Card transaction of 9.00 GBP issued by Lebara Mobile Limited London,-9,DEBIT,Celular,CARD,Wise,6,2025
2025-06-24,2025-06,Card transaction of 8.00 GBP issued by Pret A Manger LONDON,-8,DEBIT,Restaurante,CARD,Wise,6,2025
2025-06-24,2025-06,Card transaction of 7.00 GBP issued by Tfl Travel Ch TFL.GOV.UK/CP,-7,DEBIT,Transporte,CARD,Wise,6,2025
2025-06-24,2025-06,Card transaction of 2.25 GBP issued by Vape Station London,-2.25,DEBIT,Amazon,CARD,Wise,6,2025
2025-06-25,2025-06,Card transaction of 5.50 GBP issued by Pret A Manger LONDON,-5.5,DEBIT,Restaurante,CARD,Wise,6,2025
2025-06-26,2025-06,Housekeep,-39,DEBIT,Limpeza,Card Payment,Revolut,6,2025
2025-06-26,2025-06,Card transaction of 17.90 GBP issued by Zettle_*Sushidog Limited Maidenhead,-17.9,DEBIT,Restaurante,CARD,Wise,6,2025
2025-06-26,2025-06,Lovers Mini Market,-12.78,DEBIT,Mercado,Card Payment,Revolut,6,2025
2025-06-26,2025-06,Card transaction of 8.95 GBP issued by Zettle_*Sushidog Limited Maidenhead,-8.95,DEBIT,Restaurante,CARD,Wise,6,2025
2025-06-26,2025-06,Card transaction of 6.40 GBP issued by Tfl Travel Ch TFL.GOV.UK/CP,-6.4,DEBIT,Transporte,CARD,Wise,6,2025
2025-06-26,2025-06,Card transaction of 4.98 GBP issued by Lovers Mini Market London,-4.98,DEBIT,Mercado,CARD,Wise,6,2025
2025-06-26,2025-06,Card transaction of 2.50 GBP issued by Stepney Fruit And Veg LONDON,-2.5,DEBIT,Mercado,CARD,Wise,6,2025
2025-06-26,2025-06,Card transaction of 1.00 GBP issued by Rupert Supermarket LONDON,-1,DEBIT,Mercado,CARD,Wise,6,2025
2025-06-27,2025-06,Card transaction of 35.04 GBP issued by Vapiano Tower Bridge Bristol,-35.04,DEBIT,Restaurante,CARD,Wise,6,2025
2025-06-27,2025-06,Card transaction of 28.00 GBP issued by Barber's Lane London,-28,DEBIT,Amazon,CARD,Wise,6,2025
2025-06-27,2025-06,Card transaction of 16.30 GBP issued by Tfl Travel Ch TFL.GOV.UK/CP,-16.3,DEBIT,Transporte,CARD,Wise,6,2025
2025-06-27,2025-06,Card transaction of 8.25 GBP issued by Gold Star Dry Cleaners London,-8.25,DEBIT,Limpeza,CARD,Wise,6,2025
2025-06-27,2025-06,Card transaction of 7.50 GBP issued by S W London Ice Cream London,-7.5,DEBIT,Restaurante,CARD,Wise,6,2025
2025-06-27,2025-06,Transport for London,-5.8,DEBIT,Transporte,Card Payment,Revolut,6,2025
2025-06-27,2025-06,Card transaction of 5.70 GBP issued by Tfl Travel Ch TFL.GOV.UK/CP,-5.7,DEBIT,Transporte,CARD,Wise,6,2025
2025-06-27,2025-06,Card transaction of 4.49 GBP issued by Amazon* Eh5gp4s15 LONDON,-4.49,DEBIT,Amazon,CARD,Wise,6,2025
2025-06-27,2025-06,Card transaction of 2.90 GBP issued by Tfl Travel Ch TFL.GOV.UK/CP,-2.9,DEBIT,Transporte,CARD,Wise,6,2025
2025-06-28,2025-06,Card transaction of 56.25 GBP issued by Arthur Hoopers London,-56.25,DEBIT,Restaurante,CARD,Wise,6,2025
2025-06-28,2025-06,Card transaction of 20.20 GBP issued by Tesco Stores 4634 LONDON,-20.2,DEBIT,Mercado,CARD,Wise,6,2025
2025-06-28,2025-06,Card transaction of 6.80 GBP issued by The Market Porter London,-6.8,DEBIT,Mercado,CARD,Wise,6,2025
2025-06-28,2025-06,Card transaction of 6.50 GBP issued by Sumup  *Gelateria 3 Bi LONDON,-6.5,DEBIT,Restaurante,CARD,Wise,6,2025
2025-06-28,2025-06,Card transaction of 5.80 GBP issued by Tfl Travel Ch TFL.GOV.UK/CP,-5.8,DEBIT,Transporte,CARD,Wise,6,2025
2025-06-28,2025-06,Transport for London,-5.7,DEBIT,Transporte,Card Payment,Revolut,6,2025
2025-06-29,2025-06,Card transaction of 80.25 GBP issued by Asda Stores 4901 STEPNEY GREEN,-80.25,DEBIT,Mercado,CARD,Wise,6,2025
2025-06-29,2025-06,Card transaction of 35.99 GBP issued by Puregym Limited Leeds,-35.99,DEBIT,Academia,CARD,Wise,6,2025
2025-06-29,2025-06,Card transaction of 23.99 GBP issued by Amazon* 4h2yo7w05 LONDON,-23.99,DEBIT,Amazon,CARD,Wise,6,2025
2025-06-29,2025-06,Card transaction of 17.17 GBP issued by Costcutter LONDON E1,-17.17,DEBIT,Mercado,CARD,Wise,6,2025
2025-06-29,2025-06,Card transaction of 8.00 GBP issued by Costcutter LONDON E1,-8,DEBIT,Mercado,CARD,Wise,6,2025
2025-06-29,2025-06,Card transaction of 6.92 GBP issued by Uber* Trip WWW.UBER.COM,-6.92,DEBIT,Uber,CARD,Wise,6,2025
2025-06-29,2025-06,Card transaction of 6.90 GBP issued by Uber   *Trip HELP.UBER.COM,-6.9,DEBIT,Uber,CARD,Wise,6,2025
2025-06-29,2025-06,Transport for London,-5.8,DEBIT,Transporte,Card Payment,Revolut,6,2025
2025-06-30,2025-06,Sent money to Billing Better,-342.88,DEBIT,Transferência,TRANSFER,Wise,6,2025
2025-06-30,2025-06,Sent money to HARLLA MARTINS D S L SIQUEIRA,-89,DEBIT,Transferência,TRANSFER,Wise,6,2025
2025-06-30,2025-06,Card transaction of 8.92 GBP issued by Tesco Stores 5736 LIMEHOUSE,-8.92,DEBIT,Mercado,CARD,Wise,6,2025
2025-06-30,2025-06,Card transaction of 4.15 GBP issued by Www.amazon.* Dm29n7c45 LONDON,-4.15,DEBIT,Amazon,CARD,Wise,6,2025
2025-07-04,2025-07,Transport for London,-3.5,DEBIT,Transporte,Card Payment,Revolut,7,2025
2025-07-05,2025-07,Sent money to HARLLA MARTINS D S L SIQUEIRA,-91,DEBIT,Transferência,TRANSFER,Wise,7,2025
2025-07-05,2025-07,The Iskele,-55.01,DEBIT,Restaurante,Card Payment,Revolut,7,2025
2025-07-05,2025-07,Pret A Manger,-10.1,DEBIT,Restaurante,Card Payment,Revolut,7,2025
2025-07-05,2025-07,Transport for London,-8.9,DEBIT,Transporte,Card Payment,Revolut,7,2025
2025-07-05,2025-07,Treats,-3.6,DEBIT,Restaurante,Card Payment,Revolut,7,2025
2025-07-05,2025-07,Card transaction of 1.50 GBP issued by Tesco Stores 5130 EASTCHEAP,-1.5,DEBIT,Mercado,CARD,Wise,7,2025
2025-07-06,2025-07,Card transaction of 18.48 GBP issued by Amazon* Yb89g9wl5 LONDON,-18.48,DEBIT,Amazon,CARD,Wise,7,2025
2025-07-06,2025-07,Card transaction of 8.99 GBP issued by Amazon Prime*Xa9892h45 amzn.co.uk/pm,-8.99,DEBIT,TV,CARD,Wise,7,2025
2025-07-06,2025-07,Transport for London,-4.65,DEBIT,Transporte,Card Payment,Revolut,7,2025
2025-07-06,2025-07,Card transaction of 2.85 GBP issued by Pret A Manger LONDON,-2.85,DEBIT,Restaurante,CARD,Wise,7,2025
2025-07-06,2025-07,Card transaction of 1.25 GBP issued by Tesco Stores 5380 LONDON,-1.25,DEBIT,Mercado,CARD,Wise,7,2025
2025-07-07,2025-07,Walbrook,-155.87,DEBIT,Academia,Card Payment,Revolut,7,2025
2025-07-07,2025-07,Card transaction of 17.87 GBP issued by Tesco Stores 5736 LIMEHOUSE,-17.87,DEBIT,Mercado,CARD,Wise,7,2025
2025-07-07,2025-07,Card transaction of 8.99 GBP issued by Amazon Prime*Rc5e85tl4 amzn.co.uk/pm,-8.99,DEBIT,TV,CARD,Wise,7,2025
2025-07-07,2025-07,Transport for London,-4.65,DEBIT,Transporte,Card Payment,Revolut,7,2025
2025-07-08,2025-07,Card transaction of 8.99 GBP issued by Amazon Prime*Rf95k8364 amzn.co.uk/pm,-8.99,DEBIT,TV,CARD,Wise,7,2025
2025-07-08,2025-07,Transport for London,-6.4,DEBIT,Transporte,Card Payment,Revolut,7,2025
2025-07-08,2025-07,Card transaction of 5.50 GBP issued by Www.amazon.* Rf4sv83o4 LONDON,-5.5,DEBIT,Amazon,CARD,Wise,7,2025
2025-07-08,2025-07,Card transaction of 4.79 GBP issued by Www.amazon.* Rf4nb8pz4 LONDON,-4.79,DEBIT,Amazon,CARD,Wise,7,2025
2025-07-08,2025-07,Card transaction of 3.50 GBP issued by Brera London,-3.5,DEBIT,Restaurante,CARD,Wise,7,2025
2025-07-09,2025-07,Pret A Manger,-10.35,DEBIT,Restaurante,Card Payment,Revolut,7,2025
2025-07-09,2025-07,Card transaction of 8.99 GBP issued by Amazon Prime*Zt3jd4qy4 amzn.co.uk/pm,-8.99,DEBIT,TV,CARD,Wise,7,2025
2025-07-09,2025-07,Transport for London,-7,DEBIT,Transporte,Card Payment,Revolut,7,2025
2025-07-09,2025-07,Lovers Food And Wine,-4.6,DEBIT,Mercado,Card Payment,Revolut,7,2025
2025-07-10,2025-07,Marks & Spencer,-57.5,DEBIT,Mercado,Card Payment,Revolut,7,2025
2025-07-10,2025-07,Pret A Manger,-10.75,DEBIT,Restaurante,Card Payment,Revolut,7,2025
2025-07-10,2025-07,Transport for London,-7,DEBIT,Transporte,Card Payment,Revolut,7,2025
2025-07-11,2025-07,Vapiano,-21,DEBIT,Restaurante,Card Payment,Revolut,7,2025
2025-07-11,2025-07,Pret A Manger,-10.49,DEBIT,Restaurante,Card Payment,Revolut,7,2025
2025-07-11,2025-07,Transport for London,-6.4,DEBIT,Transporte,Card Payment,Revolut,7,2025
2025-07-12,2025-07,Sove,-28,DEBIT,Restaurante,Card Payment,Revolut,7,2025
2025-07-12,2025-07,Beltane,-9.9,DEBIT,Restaurante,Card Payment,Revolut,7,2025
2025-07-12,2025-07,Transport for London,-8.9,DEBIT,Transporte,Card Payment,Revolut,7,2025
2025-07-12,2025-07,The Colombian Coffee Company,-5,DEBIT,Restaurante,Card Payment,Revolut,7,2025
2025-07-13,2025-07,Sent money to HARLLA MARTINS D S L SIQUEIRA,-112,DEBIT,Transferência,TRANSFER,Wise,7,2025
2025-07-13,2025-07,Trafalgar Tavern,-18.9,DEBIT,Restaurante,Card Payment,Revolut,7,2025
2025-07-13,2025-07,Transport for London,-8.9,DEBIT,Transporte,Card Payment,Revolut,7,2025
2025-07-13,2025-07,Card transaction of 7.55 GBP issued by Tfl Travel Ch TFL.GOV.UK/CP,-7.55,DEBIT,Transporte,CARD,Wise,7,2025
2025-07-13,2025-07,Card transaction of 5.99 GBP issued by Netflix.com Los Gatos,-5.99,DEBIT,Transporte,CARD,Wise,7,2025
2025-07-13,2025-07,Trafalgar Tavern,-4,DEBIT,Restaurante,Card Payment,Revolut,7,2025
2025-07-14,2025-07,Sainsbury's,-13.95,DEBIT,Mercado,Card Payment,Revolut,7,2025
2025-07-14,2025-07,Card transaction of 7.65 GBP issued by Humblecrumble-Camden London,-7.65,DEBIT,Restaurante,CARD,Wise,7,2025
2025-07-14,2025-07,Card transaction of 6.40 GBP issued by Tfl Travel Ch TFL.GOV.UK/CP,-6.4,DEBIT,Transporte,CARD,Wise,7,2025
2025-07-14,2025-07,Card transaction of 4.00 GBP issued by I L Collection LONDON NW1,-4,DEBIT,Amazon,CARD,Wise,7,2025
2025-07-14,2025-07,Transport for London,-0.1,DEBIT,Transporte,Card Payment,Revolut,7,2025
2025-07-15,2025-07,Na Na Cafe,-32,DEBIT,Restaurante,Card Payment,Revolut,7,2025
2025-07-15,2025-07,Raftech Services Ltd,-17.5,DEBIT,Amazon,Card Payment,Revolut,7,2025
2025-07-15,2025-07,Card transaction of 12.00 GBP issued by Www.amazon.* Ry9x29lp4 LONDON,-12,DEBIT,Amazon,CARD,Wise,7,2025
2025-07-15,2025-07,Card transaction of 11.35 GBP issued by Www.amazon.* Ry64k6414 LONDON,-11.35,DEBIT,Amazon,CARD,Wise,7,2025
2025-07-15,2025-07,Humble Crumble,-6.45,DEBIT,Restaurante,Card Payment,Revolut,7,2025
2025-07-15,2025-07,Card transaction of 6.40 GBP issued by Tfl Travel Ch TFL.GOV.UK/CP,-6.4,DEBIT,Transporte,CARD,Wise,7,2025
2025-07-15,2025-07,Transport for London,-6.4,DEBIT,Transporte,Card Payment,Revolut,7,2025
2025-07-16,2025-07,Card transaction of 19.99 GBP issued by Amazon* Ry89o9xv4 LONDON,-19.99,DEBIT,Amazon,CARD,Wise,7,2025
2025-07-16,2025-07,Queens London,-17.9,DEBIT,Ingresso,Card Payment,Revolut,7,2025
2025-07-16,2025-07,Tesco,-17.7,DEBIT,Mercado,Card Payment,Revolut,7,2025
2025-07-16,2025-07,Sushidog Limit,-8.95,DEBIT,Restaurante,Card Payment,Revolut,7,2025
2025-07-16,2025-07,Transport for London,-6.4,DEBIT,Transporte,Card Payment,Revolut,7,2025
2025-07-16,2025-07,Tesco,-4.5,DEBIT,Mercado,Card Payment,Revolut,7,2025
2025-07-17,2025-07,Pret A Manger,-12.25,DEBIT,Restaurante,Card Payment,Revolut,7,2025
2025-07-17,2025-07,Lovers Mini Market,-9.88,DEBIT,Mercado,Card Payment,Revolut,7,2025
2025-07-17,2025-07,Card transaction of 8.60 GBP issued by Tfl Travel Ch TFL.GOV.UK/CP,-8.6,DEBIT,Transporte,CARD,Wise,7,2025
2025-07-17,2025-07,Transport for London,-8.6,DEBIT,Transporte,Card Payment,Revolut,7,2025
2025-07-17,2025-07,Royal Collection Enter,-5,DEBIT,Ingresso,Card Payment,Revolut,7,2025
2025-07-17,2025-07,Pret A Manger,-4.85,DEBIT,Restaurante,Card Payment,Revolut,7,2025
2025-07-18,2025-07,Food For All,-12,DEBIT,Restaurante,Card Payment,Revolut,7,2025
2025-07-18,2025-07,Card transaction of 11.90 GBP issued by Uber   *Trip HELP.UBER.COM,-11.9,DEBIT,Uber,CARD,Wise,7,2025
2025-07-18,2025-07,Card transaction of 10.35 GBP issued by Tfl Cycle Hire USAGE CHARGE,-10.35,DEBIT,Transporte,CARD,Wise,7,2025
2025-07-18,2025-07,Pronto,-9.75,DEBIT,Restaurante,Card Payment,Revolut,7,2025
2025-07-18,2025-07,Card transaction of 4.95 GBP issued by Tfl Cycle Hire INTERNET WEBS,-4.95,DEBIT,Transporte,CARD,Wise,7,2025
2025-07-19,2025-07,Canary Riverside,-120.71,DEBIT,Academia,Card Payment,Revolut,7,2025
2025-07-19,2025-07,Tesco,-24.58,DEBIT,Mercado,Card Payment,Revolut,7,2025
2025-07-19,2025-07,Transport for London,-15.3,DEBIT,Transporte,Card Payment,Revolut,7,2025
2025-07-19,2025-07,Card transaction of 10.63 GBP issued by Asda Stores LONDON,-10.63,DEBIT,Mercado,CARD,Wise,7,2025
2025-07-19,2025-07,Gold Star Dry Cleaner,-8.25,DEBIT,Limpeza,Card Payment,Revolut,7,2025
2025-07-19,2025-07,Tesco,-1.5,DEBIT,Mercado,Card Payment,Revolut,7,2025
2025-07-20,2025-07,Brera,-24.3,DEBIT,Restaurante,Card Payment,Revolut,7,2025
2025-07-20,2025-07,Arancino Of Sicily,-6.9,DEBIT,Restaurante,Card Payment,Revolut,7,2025
2025-07-20,2025-07,Costcutter,-6,DEBIT,Mercado,Card Payment,Revolut,7,2025
2025-07-20,2025-07,Badiani Canarywharf,-6,DEBIT,Restaurante,Card Payment,Revolut,7,2025
2025-07-20,2025-07,Card transaction of 3.30 GBP issued by Tfl Cycle Hire INTERNET WEBS,-3.3,DEBIT,Transporte,CARD,Wise,7,2025
2025-07-20,2025-07,Card transaction of 3.30 GBP issued by Tfl Cycle Hire USAGE CHARGE,-3.3,DEBIT,Transporte,CARD,Wise,7,2025
2025-07-20,2025-07,Card transaction of 1.75 GBP issued by Tfl Travel Ch TFL.GOV.UK/CP,-1.75,DEBIT,Transporte,CARD,Wise,7,2025
2025-07-21,2025-07,Card transaction of 9.95 GBP issued by Amazon* Rs0xq30y4 LONDON,-9.95,DEBIT,Amazon,CARD,Wise,7,2025
2025-07-21,2025-07,Card transaction of 8.40 GBP issued by Tesco Stores 5736 LIMEHOUSE,-8.4,DEBIT,Mercado,CARD,Wise,7,2025
2025-07-21,2025-07,Card transaction of 4.85 GBP issued by Www.amazon.* Rs9yt2ly4 LONDON,-4.85,DEBIT,Amazon,CARD,Wise,7,2025
2025-07-21,2025-07,Card transaction of 4.09 GBP issued by Amazon* Rs61d9np4 LONDON,-4.09,DEBIT,Amazon,CARD,Wise,7,2025
2025-07-21,2025-07,Transport for London,-1.75,DEBIT,Transporte,Card Payment,Revolut,7,2025
2025-07-22,2025-07,Hillarys,-481.52,DEBIT,Amazon,Card Payment,Revolut,7,2025
2025-07-22,2025-07,Card transaction of 19.84 GBP issued by Amazon* Rs4wd9al4 LONDON,-19.84,DEBIT,Amazon,CARD,Wise,7,2025
2025-07-22,2025-07,Pret A Manger,-10.49,DEBIT,Restaurante,Card Payment,Revolut,7,2025
2025-07-22,2025-07,Souvlakiby,-9.5,DEBIT,Restaurante,Card Payment,Revolut,7,2025
2025-07-22,2025-07,Transport for London,-7,DEBIT,Transporte,Card Payment,Revolut,7,2025
2025-07-23,2025-07,Ocado,-82.14,DEBIT,Mercado,Card Payment,Revolut,7,2025
2025-07-23,2025-07,Transport for London,-7,DEBIT,Transporte,Card Payment,Revolut,7,2025
2025-07-24,2025-07,Sent money to HARLLA MARTINS D S L SIQUEIRA,-112,DEBIT,Transferência,TRANSFER,Wise,7,2025
2025-07-24,2025-07,Shake Shack,-31.65,DEBIT,Restaurante,Card Payment,Revolut,7,2025
2025-07-24,2025-07,Card transaction of 5.10 GBP issued by Brera London,-5.1,DEBIT,Restaurante,CARD,Wise,7,2025
2025-07-25,2025-07,To Homebox,-218.5,DEBIT,Home Box,Transfer,Revolut,7,2025
2025-07-25,2025-07,Card transaction of 10.00 GBP issued by Lebara Mobile Limited London,-10,DEBIT,Celular,CARD,Wise,7,2025
2025-07-25,2025-07,Transport for London,-7,DEBIT,Transporte,Card Payment,Revolut,7,2025
2025-07-25,2025-07,Chango Empanadas,-6.48,DEBIT,Restaurante,Card Payment,Revolut,7,2025
2025-07-25,2025-07,Card transaction of 6.40 GBP issued by Tfl Travel Ch TFL.GOV.UK/CP,-6.4,DEBIT,Transporte,CARD,Wise,7,2025
2025-07-25,2025-07,Pret A Manger,-5.5,DEBIT,Restaurante,Card Payment,Revolut,7,2025
2025-07-26,2025-07,Card transaction of 22.00 GBP issued by Kadies Club London,-22,DEBIT,Ingresso,CARD,Wise,7,2025
2025-07-26,2025-07,Dumbo,-20,DEBIT,Restaurante,Card Payment,Revolut,7,2025
2025-07-26,2025-07,Love Churros,-8,DEBIT,Restaurante,Card Payment,Revolut,7,2025
2025-07-26,2025-07,Card transaction of 7.25 GBP issued by Tfl Travel Ch TFL.GOV.UK/CP,-7.25,DEBIT,Transporte,CARD,Wise,7,2025
2025-07-26,2025-07,Transport for London,-7,DEBIT,Transporte,Card Payment,Revolut,7,2025
2025-07-27,2025-07,Fine Cut Stake House,-56.25,DEBIT,Restaurante,Card Payment,Revolut,7,2025
2025-07-27,2025-07,Card transaction of 44.99 GBP issued by Amazon* Rj8vl2n34 LONDON,-44.99,DEBIT,Amazon,CARD,Wise,7,2025
2025-07-27,2025-07,Paris Grill C,-40,DEBIT,Restaurante,Card Payment,Revolut,7,2025
2025-07-27,2025-07,Card transaction of 20.40 GBP issued by Www.amazon.* Rj0wx7n14 LONDON,-20.4,DEBIT,Amazon,CARD,Wise,7,2025
2025-07-27,2025-07,Wok to Walk,-13.75,DEBIT,Restaurante,Card Payment,Revolut,7,2025
2025-07-27,2025-07,Card transaction of 7.90 GBP issued by Sq *Rinkoff Bakery London,-7.9,DEBIT,Restaurante,CARD,Wise,7,2025
2025-07-27,2025-07,Transport for London,-7.25,DEBIT,Transporte,Card Payment,Revolut,7,2025
2025-07-27,2025-07,Card transaction of 5.80 GBP issued by Costcutter LONDON E1,-5.8,DEBIT,Mercado,CARD,Wise,7,2025
2025-07-27,2025-07,Card transaction of 4.58 GBP issued by Amazon* Rj5bu6n64 LONDON,-4.58,DEBIT,Amazon,CARD,Wise,7,2025
2025-07-27,2025-07,Kleanfresh,-4.5,DEBIT,Restaurante,Card Payment,Revolut,7,2025
2025-07-27,2025-07,Card transaction of 1.75 GBP issued by Tfl Travel Ch TFL.GOV.UK/CP,-1.75,DEBIT,Transporte,CARD,Wise,7,2025
2025-07-28,2025-07,Brazilian Centre HACKNEY,-55.09,DEBIT,Mercado,Card Payment,Revolut,7,2025
2025-07-28,2025-07,Card transaction of 15.63 GBP issued by Asda Stores 4901 STEPNEY GREEN,-15.63,DEBIT,Mercado,CARD,Wise,7,2025
2025-07-28,2025-07,Card transaction of 12.00 GBP issued by Www.amazon.* Rj5i04044 LONDON,-12,DEBIT,Amazon,CARD,Wise,7,2025
2025-07-28,2025-07,Card transaction of 4.00 GBP issued by Costcutter LONDON E1,-4,DEBIT,Mercado,CARD,Wise,7,2025
2025-07-28,2025-07,Transport for London,-1.75,DEBIT,Transporte,Card Payment,Revolut,7,2025
2025-07-29,2025-07,Cineworld,-33,DEBIT,Ingresso,Card Payment,Revolut,7,2025
2025-07-29,2025-07,Boots,-10.99,DEBIT,Farmácia,Card Payment,Revolut,7,2025
2025-07-29,2025-07,Card transaction of 8.90 GBP issued by Brera London,-8.9,DEBIT,Restaurante,CARD,Wise,7,2025
2025-07-29,2025-07,Transport for London,-7,DEBIT,Transporte,Card Payment,Revolut,7,2025
2025-07-30,2025-07,Ocado,-84.97,DEBIT,Mercado,Card Payment,Revolut,7,2025
2025-07-30,2025-07,Pret A Manger,-17.94,DEBIT,Restaurante,Card Payment,Revolut,7,2025
2025-07-30,2025-07,Transport for London,-7,DEBIT,Transporte,Card Payment,Revolut,7,2025
2025-07-31,2025-07,Paid to VIRGIN ACTIVE LTD,-109,DEBIT,Academia,DIRECT_DEBIT,Wise,7,2025
2025-07-31,2025-07,To Virgin Active,-109,DEBIT,Academia,Transfer,Revolut,7,2025
2025-07-31,2025-07,Card transaction of 47.01 GBP issued by Amazon* Rj5d92yn4 LONDON,-47.01,DEBIT,Amazon,CARD,Wise,7,2025
2025-07-31,2025-07,Card transaction of 28.99 GBP issued by Www.amazon.* Rv1fk5f34 LONDON,-28.99,DEBIT,Amazon,CARD,Wise,7,2025
2025-07-31,2025-07,Card transaction of 26.13 GBP issued by Amazon* Rj5vd8u94 LONDON,-26.13,DEBIT,Amazon,CARD,Wise,7,2025
2025-07-31,2025-07,Boots,-9.9,DEBIT,Farmácia,Card Payment,Revolut,7,2025
2025-07-31,2025-07,Transport for London,-7,DEBIT,Transporte,Card Payment,Revolut,7,2025
2025-07-31,2025-07,Card transaction of 2.69 GBP issued by Www.amazon.* Rj7hu1wz4 LONDON,-2.69,DEBIT,Amazon,CARD,Wise,7,2025
2025-08-01,2025-08,DocTap,-75,DEBIT,Consulta,Card Payment,Revolut,8,2025
2025-08-02,2025-08,Pret A Manger,-15.34,DEBIT,Restaurante,Card Payment,Revolut,8,2025
2025-08-02,2025-08,Boots,-9.9,DEBIT,Farmácia,Card Payment,Revolut,8,2025
2025-08-02,2025-08,Transport for London,-8.9,DEBIT,Transporte,Card Payment,Revolut,8,2025
2025-08-02,2025-08,Costcutter,-6.49,DEBIT,Mercado,Card Payment,Revolut,8,2025
2025-08-03,2025-08,Brera,-17.78,DEBIT,Restaurante,Card Payment,Revolut,8,2025
2025-08-04,2025-08,Pharmacy Republic,-20,DEBIT,Farmácia,Card Payment,Revolut,8,2025
2025-08-04,2025-08,Domino's pizza,-9.99,DEBIT,Restaurante,Card Payment,Revolut,8,2025
2025-08-04,2025-08,Transport for London,-1.75,DEBIT,Transporte,Card Payment,Revolut,8,2025
2025-08-05,2025-08,Transport for London,-7,DEBIT,Transporte,Card Payment,Revolut,8,2025
2025-08-05,2025-08,Card transaction of 6.49 GBP issued by Amazon* Wf6ps4t15 LONDON,-6.49,DEBIT,Amazon,CARD,Wise,8,2025
2025-08-05,2025-08,Card transaction of 5.00 GBP issued by Lebara Mobile Limited London,-5,DEBIT,Celular,CARD,Wise,8,2025
2025-08-06,2025-08,Card transaction of 300.00 GBP issued by Hyde London London,-300,DEBIT,Viagem,CARD,Wise,8,2025
2025-08-06,2025-08,Www.iqgroup.org.uk,-150,DEBIT,Energia,Card Payment,Revolut,8,2025
2025-08-06,2025-08,Ocado,-119.53,DEBIT,Mercado,Card Payment,Revolut,8,2025
2025-08-06,2025-08,Sent money to HARLLA MARTINS D S L SIQUEIRA,-91,DEBIT,Transferência,TRANSFER,Wise,8,2025
2025-08-06,2025-08,Transport for London,-6.4,DEBIT,Transporte,Card Payment,Revolut,8,2025
2025-08-06,2025-08,Pret A Manger,-5.5,DEBIT,Restaurante,Card Payment,Revolut,8,2025
2025-08-06,2025-08,Card transaction of 2.75 GBP issued by Tesco Stores 5152 LONDON,-2.75,DEBIT,Mercado,CARD,Wise,8,2025
2025-08-07,2025-08,Card transaction of 97.37 GBP issued by Amazon* Rc8xh6ut4 LONDON,-97.37,DEBIT,Amazon,CARD,Wise,8,2025
2025-08-07,2025-08,Card transaction of 25.65 GBP issued by Asda Stores 4901 STEPNEY GREEN,-25.65,DEBIT,Mercado,CARD,Wise,8,2025
2025-08-07,2025-08,Card transaction of 22.09 GBP issued by Amazon* Rc98829b4 LONDON,-22.09,DEBIT,Amazon,CARD,Wise,8,2025
2025-08-07,2025-08,Card transaction of 7.84 GBP issued by Amazon* Rc6br5me4 LONDON,-7.84,DEBIT,Amazon,CARD,Wise,8,2025
2025-08-08,2025-08,To Virgin Media Pymts,-73.98,DEBIT,Internet,Transfer,Revolut,8,2025
2025-08-08,2025-08,Transport for London,-7,DEBIT,Transporte,Card Payment,Revolut,8,2025
2025-08-08,2025-08,Card transaction of 5.50 GBP issued by Pret A Manger LONDON,-5.5,DEBIT,Restaurante,CARD,Wise,8,2025
2025-08-08,2025-08,Pret A Manger,-5.5,DEBIT,Restaurante,Card Payment,Revolut,8,2025
2025-08-08,2025-08,Card transaction of 3.30 GBP issued by Tfl Cycle Hire INTERNET WEBS,-3.3,DEBIT,Transporte,CARD,Wise,8,2025
2025-08-08,2025-08,Card transaction of 1.35 GBP issued by Tfl Cycle Hire USAGE CHARGE,-1.35,DEBIT,Transporte,CARD,Wise,8,2025
2025-08-10,2025-08,Five Guys,-27.55,DEBIT,Restaurante,Card Payment,Revolut,8,2025
2025-08-10,2025-08,Pear Tree Cafe,-19,DEBIT,Restaurante,Card Payment,Revolut,8,2025
2025-08-10,2025-08,Cineworld,-12,DEBIT,Ingresso,Card Payment,Revolut,8,2025
2025-08-10,2025-08,Arcade Food Hall,-9.9,DEBIT,Restaurante,Card Payment,Revolut,8,2025
2025-08-10,2025-08,Arcade Food Hall,-8,DEBIT,Restaurante,Card Payment,Revolut,8,2025
2025-08-10,2025-08,Transport for London,-6.9,DEBIT,Transporte,Card Payment,Revolut,8,2025
2025-08-10,2025-08,Transport for London,-5.8,DEBIT,Transporte,Card Payment,Revolut,8,2025
2025-08-12,2025-08,Transfer to Revolut user,-15,DEBIT,Restaurante,Transfer,Revolut,8,2025
2025-08-12,2025-08,Pret A Manger,-10.35,DEBIT,Restaurante,Card Payment,Revolut,8,2025
2025-08-12,2025-08,Transport for London,-6.4,DEBIT,Transporte,Card Payment,Revolut,8,2025
2025-08-13,2025-08,Card transaction of 200.00 GBP issued by Mj The Musical Tickets +443444825151,-200,DEBIT,Ingresso,CARD,Wise,8,2025
2025-08-13,2025-08,Card transaction of 200.00 GBP issued by Mj The Musical Tickets +443444825151,-200,DEBIT,Ingresso,CARD,Wise,8,2025
2025-08-13,2025-08,Card transaction of 200.00 GBP issued by Mj The Musical Tickets +443444825151,-200,DEBIT,Ingresso,CARD,Wise,8,2025
2025-08-13,2025-08,Card transaction of 200.00 GBP issued by Mj The Musical Tickets +443444825151,-200,DEBIT,Ingresso,CARD,Wise,8,2025
2025-08-13,2025-08,Card transaction of 96.00 GBP issued by Royal Collection Enterpri LONDON,-96,DEBIT,Ingresso,CARD,Wise,8,2025
2025-08-13,2025-08,Card transaction of 96.00 GBP issued by Royal Collection Enter London,-96,DEBIT,Ingresso,CARD,Wise,8,2025
2025-08-13,2025-08,Card transaction of 96.00 GBP issued by Royal Collection Enter London,-96,DEBIT,Ingresso,CARD,Wise,8,2025
2025-08-13,2025-08,Card transaction of 73.00 GBP issued by St Paul's Cathedral WWW.STPAULS.C,-73,DEBIT,Ingresso,CARD,Wise,8,2025
2025-08-13,2025-08,Transport for London,-6.4,DEBIT,Transporte,Card Payment,Revolut,8,2025
2025-08-13,2025-08,Card transaction of 6.00 GBP issued by Mile End - The Coffee London,-6,DEBIT,Restaurante,CARD,Wise,8,2025
2025-08-13,2025-08,Card transaction of 5.99 GBP issued by Netflix.com Los Gatos,-5.99,DEBIT,Transporte,CARD,Wise,8,2025
2025-08-14,2025-08,Ticket Payment,-200,DEBIT,Ingresso,Card Payment,Revolut,8,2025
2025-08-14,2025-08,Sent money to HARLLA MARTINS D S L SIQUEIRA,-112,DEBIT,Transferência,TRANSFER,Wise,8,2025
2025-08-14,2025-08,Card transaction of 6.90 GBP issued by Brera London,-6.9,DEBIT,Restaurante,CARD,Wise,8,2025
2025-08-15,2025-08,Historic Royal Palaces,-143.2,DEBIT,Ingresso,Card Payment,Revolut,8,2025
2025-08-15,2025-08,Ocado,-115.72,DEBIT,Mercado,Card Payment,Revolut,8,2025
2025-08-15,2025-08,Dean and chapter,-57,DEBIT,Ingresso,Card Payment,Revolut,8,2025
2025-08-15,2025-08,Card transaction of 13.99 GBP issued by Pret A Manger LONDON,-13.99,DEBIT,Restaurante,CARD,Wise,8,2025
2025-08-15,2025-08,Tesco,-9.05,DEBIT,Mercado,Card Payment,Revolut,8,2025
2025-08-15,2025-08,Card transaction of 8.90 GBP issued by Brera London,-8.9,DEBIT,Restaurante,CARD,Wise,8,2025
2025-08-15,2025-08,Card transaction of 2.00 GBP issued by Tfl Travel Ch TFL.GOV.UK/CP,-2,DEBIT,Transporte,CARD,Wise,8,2025
2025-08-16,2025-08,The London Eye,-116,DEBIT,Ingresso,Card Payment,Revolut,8,2025
2025-08-16,2025-08,Clynxx,-24.51,DEBIT,Ingresso,Card Payment,Revolut,8,2025
2025-08-16,2025-08,Transport for London,-8.4,DEBIT,Transporte,Card Payment,Revolut,8,2025
2025-08-16,2025-08,Card transaction of 8.20 GBP issued by Mile End - The Coffee London,-8.2,DEBIT,Restaurante,CARD,Wise,8,2025
2025-08-16,2025-08,Card transaction of 1.75 GBP issued by Tfl Travel Ch TFL.GOV.UK/CP,-1.75,DEBIT,Transporte,CARD,Wise,8,2025
2025-08-17,2025-08,Card transaction of 18.80 GBP issued by Cantinho Da Maya LONDON,-18.8,DEBIT,Restaurante,CARD,Wise,8,2025
2025-08-17,2025-08,Card transaction of 8.90 GBP issued by Tfl Travel Ch TFL.GOV.UK/CP,-8.9,DEBIT,Transporte,CARD,Wise,8,2025
2025-08-17,2025-08,Card transaction of 5.95 GBP issued by Royal Artisan Bakery London,-5.95,DEBIT,Restaurante,CARD,Wise,8,2025
2025-08-17,2025-08,Card transaction of 3.09 GBP issued by Www.amazon.* Rm1je89a4 LONDON,-3.09,DEBIT,Amazon,CARD,Wise,8,2025
2025-08-17,2025-08,Card transaction of 1.80 GBP issued by Cantinho Da Maya LONDON,-1.8,DEBIT,Restaurante,CARD,Wise,8,2025
2025-08-17,2025-08,Card transaction of 1.80 GBP issued by Cantinho Da Maya LONDON,-1.8,DEBIT,Restaurante,CARD,Wise,8,2025
2025-08-17,2025-08,Transport for London,-1.75,DEBIT,Transporte,Card Payment,Revolut,8,2025
2025-08-18,2025-08,To PINNACLE HOUSING LIMITED CA Prec Beagle Court Rent,-2450,DEBIT,Aluguel,Transfer,Revolut,8,2025
2025-08-18,2025-08,Temu,-84.43,DEBIT,Amazon,Card Payment,Revolut,8,2025
2025-08-18,2025-08,Card transaction of 23.79 GBP issued by Www.amazon.* Ru9w23084 LONDON,-23.79,DEBIT,Amazon,CARD,Wise,8,2025
2025-08-18,2025-08,Transport for London,-8.9,DEBIT,Transporte,Card Payment,Revolut,8,2025
2025-08-18,2025-08,Costcutter,-8.19,DEBIT,Mercado,Card Payment,Revolut,8,2025
2025-08-18,2025-08,Card transaction of 5.40 GBP issued by Mile End - The Coffee London,-5.4,DEBIT,Restaurante,CARD,Wise,8,2025
2025-08-18,2025-08,Cantinho Da Maya,-1.8,DEBIT,Restaurante,Card Payment,Revolut,8,2025
2025-08-19,2025-08,Shake Shack,-10.25,DEBIT,Restaurante,Card Payment,Revolut,8,2025
2025-08-19,2025-08,Card transaction of 9.30 GBP issued by Mile End - The Coffee London,-9.3,DEBIT,Restaurante,CARD,Wise,8,2025
2025-08-20,2025-08,DocTap,-55,DEBIT,Consulta,Card Payment,Revolut,8,2025
2025-08-20,2025-08,Pret A Manger,-10.49,DEBIT,Restaurante,Card Payment,Revolut,8,2025
2025-08-21,2025-08,To Homebox,-237.5,DEBIT,Home Box,Transfer,Revolut,8,2025
2025-08-21,2025-08,Card transaction of 8.60 GBP issued by Uber   *Eats HELP.UBER.COM,-8.6,DEBIT,Restaurante,CARD,Wise,8,2025
2025-08-21,2025-08,Transport for London,-7,DEBIT,Transporte,Card Payment,Revolut,8,2025
2025-08-21,2025-08,Card transaction of 6.25 GBP issued by Mile End - The Coffee London,-6.25,DEBIT,Restaurante,CARD,Wise,8,2025
2025-08-21,2025-08,Card transaction of 6.25 GBP issued by Mile End - The Coffee London,-6.25,DEBIT,Restaurante,CARD,Wise,8,2025
2025-08-21,2025-08,Santander Cycles,-1.65,DEBIT,Transporte,Card Payment,Revolut,8,2025
2025-08-22,2025-08,Ocado,-127.48,DEBIT,Mercado,Card Payment,Revolut,8,2025
2025-08-22,2025-08,Card transaction of 20.10 GBP issued by Amazon* Ru51v7234 LONDON,-20.1,DEBIT,Amazon,CARD,Wise,8,2025
2025-08-22,2025-08,Card transaction of 8.00 GBP issued by Sq *Mile End Dry Cleaners London,-8,DEBIT,Restaurante,CARD,Wise,8,2025
2025-08-22,2025-08,Card transaction of 5.80 GBP issued by Tfl Travel Ch TFL.GOV.UK/CP,-5.8,DEBIT,Transporte,CARD,Wise,8,2025
2025-08-22,2025-08,Card transaction of 4.20 GBP issued by Mile End - The Coffee London,-4.2,DEBIT,Restaurante,CARD,Wise,8,2025
2025-08-23,2025-08,Boots,-19.8,DEBIT,Farmácia,Card Payment,Revolut,8,2025
2025-08-23,2025-08,Card transaction of 10.00 GBP issued by Lebara Mobile Limited London,-10,DEBIT,Celular,CARD,Wise,8,2025
2025-08-23,2025-08,Transport for London,-5.8,DEBIT,Transporte,Card Payment,Revolut,8,2025
2025-08-23,2025-08,Sainsbury's,-5.5,DEBIT,Mercado,Card Payment,Revolut,8,2025
2025-08-23,2025-08,Marks & Spencer,-2.4,DEBIT,Mercado,Card Payment,Revolut,8,2025
2025-08-24,2025-08,Bma 3 Solutions,-30,DEBIT,Transporte,Card Payment,Revolut,8,2025
2025-08-24,2025-08,Card transaction of 9.38 GBP issued by Www.amazon.* R44z264k4 LONDON,-9.38,DEBIT,Amazon,CARD,Wise,8,2025
2025-08-24,2025-08,Taj Mahal Frie,-7,DEBIT,Restaurante,Card Payment,Revolut,8,2025
2025-08-24,2025-08,Card transaction of 3.30 GBP issued by Tfl Cycle Hire USAGE CHARGE,-3.3,DEBIT,Transporte,CARD,Wise,8,2025
2025-08-24,2025-08,Card transaction of 2.90 GBP issued by Tfl Travel Ch TFL.GOV.UK/CP,-2.9,DEBIT,Transporte,CARD,Wise,8,2025
2025-08-24,2025-08,Card transaction of 1.65 GBP issued by Tfl Cycle Hire INTERNET WEBS,-1.65,DEBIT,Transporte,CARD,Wise,8,2025
2025-08-24,2025-08,Card transaction of 0.60 GBP issued by Forest +442081577491,-0.6,DEBIT,Transporte,CARD,Wise,8,2025
2025-08-25,2025-08,Card transaction of 16.93 GBP issued by Amazon* R444c1ju4 LONDON,-16.93,DEBIT,Amazon,CARD,Wise,8,2025
2025-08-25,2025-08,Arancino Of Sicily,-6.9,DEBIT,Restaurante,Card Payment,Revolut,8,2025
2025-08-25,2025-08,Lovers Mini Market,-6.07,DEBIT,Mercado,Card Payment,Revolut,8,2025
2025-08-25,2025-08,Card transaction of 5.50 GBP issued by Pret A Manger LONDON,-5.5,DEBIT,Restaurante,CARD,Wise,8,2025
2025-08-25,2025-08,Card transaction of 4.85 GBP issued by Pret A Manger LONDON,-4.85,DEBIT,Restaurante,CARD,Wise,8,2025
2025-08-25,2025-08,Transport for London,-2.9,DEBIT,Transporte,Card Payment,Revolut,8,2025
2025-08-26,2025-08,Sent money to HARLLA MARTINS D S L SIQUEIRA,-112,DEBIT,Transferência,TRANSFER,Wise,8,2025
2025-08-26,2025-08,Card transaction of 22.32 GBP issued by Www.amazon.* R45mf7xe4 LONDON,-22.32,DEBIT,Amazon,CARD,Wise,8,2025
2025-08-26,2025-08,Card transaction of 9.59 GBP issued by Amazon* R40rb65v4 LONDON,-9.59,DEBIT,Amazon,CARD,Wise,8,2025
2025-08-26,2025-08,Soft Whip Ice Cream,-3,DEBIT,Restaurante,Card Payment,Revolut,8,2025
2025-08-27,2025-08,Transport for London,-7,DEBIT,Transporte,Card Payment,Revolut,8,2025
2025-08-27,2025-08,Card transaction of 6.00 GBP issued by Mile End - The Coffee London,-6,DEBIT,Restaurante,CARD,Wise,8,2025
2025-08-27,2025-08,Card transaction of 4.15 GBP issued by Mile End - The Coffee London,-4.15,DEBIT,Restaurante,CARD,Wise,8,2025
2025-08-28,2025-08,Hermitage Clinic,-265,DEBIT,Consulta,Card Payment,Revolut,8,2025
2025-08-28,2025-08,Hermitage Clinic,-50,DEBIT,Consulta,Card Payment,Revolut,8,2025
2025-08-29,2025-08,Paid to VIRGIN ACTIVE LTD,-109,DEBIT,Academia,DIRECT_DEBIT,Wise,8,2025
2025-08-29,2025-08,To Virgin Active,-109,DEBIT,Academia,Transfer,Revolut,8,2025
2025-08-29,2025-08,Card transaction of 19.99 GBP issued by Amazon* Rk7sq2o54 LONDON,-19.99,DEBIT,Restaurante,CARD,Wise,8,2025
2025-08-29,2025-08,Transport for London,-8.9,DEBIT,Transporte,Card Payment,Revolut,8,2025
2025-08-29,2025-08,Grab,-8,DEBIT,Transporte,Card Payment,Revolut,8,2025
2025-08-30,2025-08,Ocado,-118.97,DEBIT,Mercado,Card Payment,Revolut,8,2025
2025-08-30,2025-08,Card transaction of 50.00 GBP issued by Fairgame City TOWER HAMLETS,-50,DEBIT,Ingresso,CARD,Wise,8,2025
2025-08-30,2025-08,Wok to Walk,-25.7,DEBIT,Restaurante,Card Payment,Revolut,8,2025
2025-08-30,2025-08,Roni's Bakery,-7.45,DEBIT,Restaurante,Card Payment,Revolut,8,2025
2025-08-30,2025-08,MMW London,-7.26,DEBIT,Restaurante,Card Payment,Revolut,8,2025
2025-08-30,2025-08,Card transaction of 5.80 GBP issued by Tfl Travel Ch TFL.GOV.UK/CP,-5.8,DEBIT,Transporte,CARD,Wise,8,2025
2025-08-31,2025-08,Fairgame,-29,DEBIT,Ingresso,Card Payment,Revolut,8,2025
2025-08-31,2025-08,International,-10,DEBIT,Amazon,Card Payment,Revolut,8,2025
2025-08-31,2025-08,Card transaction of 5.80 GBP issued by Tfl Travel Ch TFL.GOV.UK/CP,-5.8,DEBIT,Transporte,CARD,Wise,8,2025
2025-08-31,2025-08,Transport for London,-5.8,DEBIT,Transporte,Card Payment,Revolut,8,2025
2025-08-31,2025-08,Card transaction of 3.95 GBP issued by Fairgame London,-3.95,DEBIT,Ingresso,CARD,Wise,8,2025
2025-09-01,2025-09,To PINNACLE HOUSING LIMITED CA Prec Beagle Court Rent,-2450,DEBIT,Aluguel,Transfer,Revolut,9,2025
2025-09-01,2025-09,Temu,-190.54,DEBIT,Amazon,Card Payment,Revolut,9,2025
2025-09-01,2025-09,Transport for London,-5.8,DEBIT,Transporte,Card Payment,Revolut,9,2025
2025-09-02,2025-09,Transport for London,-7,DEBIT,Transporte,Card Payment,Revolut,9,2025
2025-09-02,2025-09,Pret A Manger,-5.5,DEBIT,Restaurante,Card Payment,Revolut,9,2025
2025-09-03,2025-09,Sp Tmlewinuk,-100,DEBIT,Amazon,Card Payment,Revolut,9,2025
2025-09-03,2025-09,Transport for London,-7,DEBIT,Transporte,Card Payment,Revolut,9,2025
2025-09-03,2025-09,Pret A Manger,-4.85,DEBIT,Restaurante,Card Payment,Revolut,9,2025
2025-09-04,2025-09,Booking.com,-850.48,DEBIT,Viagem,Card Payment,Revolut,9,2025
2025-09-04,2025-09,EasyJet,-82.99,DEBIT,Viagem,Card Payment,Revolut,9,2025
2025-09-04,2025-09,EasyJet,-82.99,DEBIT,Viagem,Card Payment,Revolut,9,2025
2025-09-05,2025-09,Ryanair,-62.94,DEBIT,Viagem,Card Payment,Revolut,9,2025
2025-09-05,2025-09,Card transaction of 32.99 GBP issued by Www.amazon.* 8p6xa19g5 LONDON,-32.99,DEBIT,Amazon,CARD,Wise,9,2025
2025-09-05,2025-09,Card transaction of 21.15 GBP issued by Tfl Travel Ch TFL.GOV.UK/CP,-21.15,DEBIT,Transporte,CARD,Wise,9,2025
2025-09-05,2025-09,Barber's Lane,-18,DEBIT,Amazon,Card Payment,Revolut,9,2025
2025-09-05,2025-09,Card transaction of 11.20 GBP issued by Tesco Stores 5130 EASTCHEAP,-11.2,DEBIT,Mercado,CARD,Wise,9,2025
2025-09-05,2025-09,Temu,-10.73,DEBIT,Amazon,Card Payment,Revolut,9,2025
2025-09-05,2025-09,Transport for London,-6.4,DEBIT,Transporte,Card Payment,Revolut,9,2025
2025-09-05,2025-09,Pret A Manger,-5.5,DEBIT,Restaurante,Card Payment,Revolut,9,2025
2025-09-05,2025-09,"Card transaction of 2.50 GBP issued by Boots,Gracechurch St LONDON",-2.5,DEBIT,Farmácia,CARD,Wise,9,2025
2025-09-06,2025-09,EasyJet,-8.99,DEBIT,Viagem,Card Payment,Revolut,9,2025
2025-09-06,2025-09,EasyJet,-8.99,DEBIT,Viagem,Card Payment,Revolut,9,2025
2025-09-06,2025-09,Transport for London,-8.9,DEBIT,Transporte,Card Payment,Revolut,9,2025
2025-09-06,2025-09,Pret A Manger,-4.99,DEBIT,Restaurante,Card Payment,Revolut,9,2025
2025-09-07,2025-09,Pret A Manger,-14.44,DEBIT,Restaurante,Card Payment,Revolut,9,2025
2025-09-07,2025-09,Card transaction of 7.64 GBP issued by Amazon* Rc6x077g4 LONDON,-7.64,DEBIT,Amazon,CARD,Wise,9,2025
2025-09-07,2025-09,Card transaction of 6.49 GBP issued by Amazon* Rc5su0sr4 LONDON,-6.49,DEBIT,Amazon,CARD,Wise,9,2025
2025-09-07,2025-09,BLACK SHEEP coffee,-4.39,DEBIT,Restaurante,Card Payment,Revolut,9,2025
2025-09-08,2025-09,Vision Express Opticians,-219,DEBIT,Consulta,Card Payment,Revolut,9,2025
2025-09-08,2025-09,To Virgin Media Pymts,-36.99,DEBIT,Internet,Transfer,Revolut,9,2025
2025-09-08,2025-09,Vision Express Opticians,-30,DEBIT,Consulta,Card Payment,Revolut,9,2025
2025-09-08,2025-09,Transport for London,-20,DEBIT,Transporte,Card Payment,Revolut,9,2025
2025-09-08,2025-09,Card transaction of 12.89 GBP issued by Sq *Lips Healthcare Pharm London,-12.89,DEBIT,Restaurante,CARD,Wise,9,2025
2025-09-08,2025-09,Card transaction of 10.49 GBP issued by Pret A Manger LONDON,-10.49,DEBIT,Restaurante,CARD,Wise,9,2025
2025-09-08,2025-09,Card transaction of 8.90 GBP issued by Brera London,-8.9,DEBIT,Restaurante,CARD,Wise,9,2025
2025-09-08,2025-09,Card transaction of 6.90 GBP issued by Tfl Travel Ch TFL.GOV.UK/CP,-6.9,DEBIT,Transporte,CARD,Wise,9,2025
2025-09-08,2025-09,Card transaction of 5.80 GBP issued by Tfl Travel Ch TFL.GOV.UK/CP,-5.8,DEBIT,Transporte,CARD,Wise,9,2025
2025-09-08,2025-09,Dnata catering,-2.75,DEBIT,Restaurante,Card Payment,Revolut,9,2025
2025-09-08,2025-09,McDonald's,-2.54,DEBIT,Restaurante,Card Payment,Revolut,9,2025
2025-09-09,2025-09,McDonald's,-12.7,DEBIT,Restaurante,Card Payment,Revolut,9,2025
2025-09-09,2025-09,Vila,-6.96,DEBIT,Restaurante,Card Payment,Revolut,9,2025
2025-09-09,2025-09,Parking es Pratet,-5.27,DEBIT,Transporte,Card Payment,Revolut,9,2025
2025-09-11,2025-09,Big Bus Tours,-156,DEBIT,Ingresso,Card Payment,Revolut,9,2025
2025-09-11,2025-09,Eurostar,-70,DEBIT,Viagem,Card Payment,Revolut,9,2025
2025-09-11,2025-09,DocTap,-65,DEBIT,Consulta,Card Payment,Revolut,9,2025
2025-09-11,2025-09,flibco.com,-34,DEBIT,Transporte,Card Payment,Revolut,9,2025
2025-09-11,2025-09,O Beach Ibiza,-27.76,DEBIT,Restaurante,Card Payment,Revolut,9,2025
2025-09-11,2025-09,O Beach Ibiza,-27.76,DEBIT,Restaurante,Card Payment,Revolut,9,2025
2025-09-11,2025-09,Ryanair,-22.6,DEBIT,Viagem,Card Payment,Revolut,9,2025
2025-09-11,2025-09,Aeropuerto De Ibiza,-14.71,DEBIT,Viagem,Card Payment,Revolut,9,2025
2025-09-11,2025-09,Tutti Frutti,-6.08,DEBIT,Restaurante,Card Payment,Revolut,9,2025
2025-09-11,2025-09,Ryanair,-6.08,DEBIT,Viagem,Card Payment,Revolut,9,2025
2025-09-13,2025-09,Ocado,-139.92,DEBIT,Mercado,Card Payment,Revolut,9,2025
2025-09-13,2025-09,Transport for London,-6.4,DEBIT,Transporte,Card Payment,Revolut,9,2025
2025-09-13,2025-09,Card transaction of 5.99 GBP issued by Netflix.com london,-5.99,DEBIT,Transporte,CARD,Wise,9,2025
2025-09-14,2025-09,Locale Southbank,-53.52,DEBIT,Restaurante,Card Payment,Revolut,9,2025
2025-09-14,2025-09,Acoustiguide,-10,DEBIT,Ingresso,Card Payment,Revolut,9,2025
2025-09-14,2025-09,Card transaction of 5.80 GBP issued by Tfl Travel Ch TFL.GOV.UK/CP,-5.8,DEBIT,Transporte,CARD,Wise,9,2025
2025-09-15,2025-09,Bag O Nails,-24.4,DEBIT,Restaurante,Card Payment,Revolut,9,2025
2025-09-15,2025-09,Card transaction of 18.83 GBP issued by Uber   *Eats HELP.UBER.COM,-18.83,DEBIT,Restaurante,CARD,Wise,9,2025
2025-09-15,2025-09,McDonald's,-13.28,DEBIT,Restaurante,Card Payment,Revolut,9,2025
2025-09-15,2025-09,Card transaction of 8.90 GBP issued by Tfl Travel Ch TFL.GOV.UK/CP,-8.9,DEBIT,Transporte,CARD,Wise,9,2025
2025-09-15,2025-09,Costa Coffee,-7.05,DEBIT,Restaurante,Card Payment,Revolut,9,2025
2025-09-15,2025-09,Transport for London,-5.8,DEBIT,Transporte,Card Payment,Revolut,9,2025
2025-09-16,2025-09,Sent money to HARLLA MARTINS D S L SIQUEIRA,-86,DEBIT,Transferência,TRANSFER,Wise,9,2025
2025-09-16,2025-09,Card transaction of 23.90 GBP issued by Wok To Walk Baby London,-23.9,DEBIT,Restaurante,CARD,Wise,9,2025
2025-09-16,2025-09,Card transaction of 11.95 GBP issued by Wok To Walk Baby London,-11.95,DEBIT,Restaurante,CARD,Wise,9,2025
2025-09-16,2025-09,Card transaction of 5.80 GBP issued by Tfl Travel Ch TFL.GOV.UK/CP,-5.8,DEBIT,Transporte,CARD,Wise,9,2025
2025-09-16,2025-09,Card transaction of 2.50 GBP issued by Icco Pizza LONDON  W1D,-2.5,DEBIT,Restaurante,CARD,Wise,9,2025
2025-09-17,2025-09,Assenheims 56,-12.95,DEBIT,Restaurante,Card Payment,Revolut,9,2025
2025-09-17,2025-09,Pret A Manger,-10.49,DEBIT,Restaurante,Card Payment,Revolut,9,2025
2025-09-17,2025-09,Transport for London,-8.7,DEBIT,Transporte,Card Payment,Revolut,9,2025
2025-09-17,2025-09,Card transaction of 4.99 GBP issued by Amazon Uk* Zf9ky4145 LONDON,-4.99,DEBIT,Amazon,CARD,Wise,9,2025
2025-09-17,2025-09,Card transaction of 3.99 GBP issued by Iconic London Gifts LONDON,-3.99,DEBIT,Amazon,CARD,Wise,9,2025
2025-09-18,2025-09,To Homebox,-383.88,DEBIT,Home Box,Transfer,Revolut,9,2025
2025-09-18,2025-09,Sent money to Billing Better,-146.38,DEBIT,Transferência,TRANSFER,Wise,9,2025
2025-09-18,2025-09,Card transaction of 27.93 GBP issued by Atlantico (uk) Limited CROYDON,-27.93,DEBIT,Restaurante,CARD,Wise,9,2025
2025-09-18,2025-09,Card transaction of 12.95 GBP issued by Amazon* Pm9do4k45 LONDON,-12.95,DEBIT,Amazon,CARD,Wise,9,2025
2025-09-18,2025-09,Transport for London,-7,DEBIT,Transporte,Card Payment,Revolut,9,2025
2025-09-18,2025-09,Card transaction of 6.40 GBP issued by Tfl Travel Ch TFL.GOV.UK/CP,-6.4,DEBIT,Transporte,CARD,Wise,9,2025
2025-09-19,2025-09,Card transaction of 15.00 GBP issued by Www.voxi.co.uk VODAFONE LTD,-15,DEBIT,Celular,CARD,Wise,9,2025
2025-09-19,2025-09,Card transaction of 9.98 GBP issued by Amazon* 6i7lm08r5 LONDON,-9.98,DEBIT,Amazon,CARD,Wise,9,2025
2025-09-19,2025-09,Subway,-8.49,DEBIT,Restaurante,Card Payment,Revolut,9,2025
2025-09-19,2025-09,Card transaction of 6.40 GBP issued by Tfl Travel Ch TFL.GOV.UK/CP,-6.4,DEBIT,Transporte,CARD,Wise,9,2025
2025-09-19,2025-09,Transport for London,-6.4,DEBIT,Transporte,Card Payment,Revolut,9,2025
2025-09-19,2025-09,Pret A Manger,-5.5,DEBIT,Restaurante,Card Payment,Revolut,9,2025
2025-09-20,2025-09,Brera,-13.28,DEBIT,Restaurante,Card Payment,Revolut,9,2025
2025-09-20,2025-09,Brera,-9.1,DEBIT,Restaurante,Card Payment,Revolut,9,2025
2025-09-20,2025-09,Transport for London,-6.4,DEBIT,Transporte,Card Payment,Revolut,9,2025
2025-09-20,2025-09,Pret A Manger,-5.5,DEBIT,Restaurante,Card Payment,Revolut,9,2025
2025-09-21,2025-09,Ocado,-59.52,DEBIT,Mercado,Card Payment,Revolut,9,2025
2025-09-21,2025-09,Boots,-19.8,DEBIT,Farmácia,Card Payment,Revolut,9,2025
2025-09-21,2025-09,Card transaction of 15.00 GBP issued by Www.voxi.co.uk VODAFONE LTD,-15,DEBIT,Celular,CARD,Wise,9,2025
2025-09-21,2025-09,Tesco,-4.25,DEBIT,Mercado,Card Payment,Revolut,9,2025
2025-09-21,2025-09,Card transaction of 3.00 GBP issued by Lebara Mobile Limited London,-3,DEBIT,Celular,CARD,Wise,9,2025
2025-09-22,2025-09,Card transaction of 10.00 GBP issued by Lebara Mobile Limited London,-10,DEBIT,Celular,CARD,Wise,9,2025
2025-09-23,2025-09,Sent money to Natalia Gomes do Nascimento,-625,DEBIT,Transferência,TRANSFER,Wise,9,2025
2025-09-23,2025-09,Transport for London,-7,DEBIT,Transporte,Card Payment,Revolut,9,2025
2025-09-23,2025-09,Pret A Manger,-5.5,DEBIT,Restaurante,Card Payment,Revolut,9,2025
2025-09-23,2025-09,Costcutter,-1.8,DEBIT,Mercado,Card Payment,Revolut,9,2025
2025-09-24,2025-09,Shake Shack,-19.2,DEBIT,Restaurante,Card Payment,Revolut,9,2025
2025-09-25,2025-09,To HARLLA MARTINS D S L SIQUEIRA,-112,DEBIT,Dinheiro enviado (outra pessoa),Transfer,Revolut,9,2025
2025-09-25,2025-09,Transport for London,-3.8,DEBIT,Transporte,Card Payment,Revolut,9,2025
2025-09-25,2025-09,Transport for London,-2.9,DEBIT,Transporte,Card Payment,Revolut,9,2025
2025-09-26,2025-09,British Airways,-1102.02,DEBIT,Viagem,Card Payment,Revolut,9,2025
2025-09-26,2025-09,British Airways,-907.72,DEBIT,Viagem,Card Payment,Revolut,9,2025
2025-09-26,2025-09,To Natalia Gomes Do Nascimento,-500,DEBIT,Dinheiro enviado (outra pessoa),Transfer,Revolut,9,2025
2025-09-26,2025-09,British Airways,-80,DEBIT,Viagem,Card Payment,Revolut,9,2025
2025-09-26,2025-09,British Airways,-71,DEBIT,Viagem,Card Payment,Revolut,9,2025
2025-09-26,2025-09,British Airways,-61,DEBIT,Viagem,Card Payment,Revolut,9,2025
2025-09-26,2025-09,British Airways,-61,DEBIT,Viagem,Card Payment,Revolut,9,2025
2025-09-26,2025-09,Al Masar,-19,DEBIT,Restaurante,Card Payment,Revolut,9,2025
2025-09-26,2025-09,Pret A Manger,-10.49,DEBIT,Restaurante,Card Payment,Revolut,9,2025
2025-09-26,2025-09,Transport for London,-9.9,DEBIT,Transporte,Card Payment,Revolut,9,2025
2025-09-27,2025-09,Transport for London,-19.4,DEBIT,Transporte,Card Payment,Revolut,9,2025
2025-09-28,2025-09,Al Masar Lebanese,-40.67,DEBIT,Restaurante,Card Payment,Revolut,9,2025
2025-09-28,2025-09,Uber Eats,-26.78,DEBIT,Transporte,Card Payment,Revolut,9,2025
2025-09-28,2025-09,Transport for London,-7.6,DEBIT,Transporte,Card Payment,Revolut,9,2025
2025-09-28,2025-09,Transport for London,-3.85,DEBIT,Transporte,Card Payment,Revolut,9,2025
2025-09-29,2025-09,Amazon,-12.99,DEBIT,Amazon,Card Payment,Revolut,9,2025
2025-09-30,2025-09,Paid to VIRGIN ACTIVE LTD,-109,DEBIT,Academia,DIRECT_DEBIT,Wise,9,2025
2025-10-31,2025-10,Amazon,-36.23,DEBIT,Amazon,Card Payment,Revolut,10,2025
2025-10-31,2025-10,Costcutter,-21.17,DEBIT,Mercado,Card Payment,Revolut,10,2025
2025-10-31,2025-10,Amazon,-19.78,DEBIT,Amazon,Card Payment,Revolut,10,2025
2025-10-31,2025-10,Amazon,-19.54,DEBIT,Amazon,Card Payment,Revolut,10,2025
2025-10-31,2025-10,Amazon,-17.99,DEBIT,Amazon,Card Payment,Revolut,10,2025
2025-10-31,2025-10,Transport for London,-13.9,DEBIT,Transporte,Card Payment,Revolut,10,2025
2025-10-31,2025-10,Uber Eats,-10.4,DEBIT,Transporte,Card Payment,Revolut,10,2025
2025-10-01,2025-10,Souvlakiby,-13.5,DEBIT,Restaurante,Card Payment,Revolut,10,2025
2025-10-01,2025-10,Transport for London,-6.4,DEBIT,Transporte,Card Payment,Revolut,10,2025
2025-10-02,2025-10,Pret A Manger,-10.75,DEBIT,Restaurante,Card Payment,Revolut,10,2025
2025-10-02,2025-10,Transport for London,-7,DEBIT,Transporte,Card Payment,Revolut,10,2025
2025-10-03,2025-10,Amazon,-39.99,DEBIT,Amazon,Card Payment,Revolut,10,2025
2025-10-03,2025-10,Amazon,-27.38,DEBIT,Amazon,Card Payment,Revolut,10,2025
2025-10-03,2025-10,Amazon,-22.99,DEBIT,Amazon,Card Payment,Revolut,10,2025
2025-10-03,2025-10,Amazon,-22.99,DEBIT,Amazon,Card Payment,Revolut,10,2025
2025-10-03,2025-10,Pret A Manger,-10.35,DEBIT,Restaurante,Card Payment,Revolut,10,2025
2025-10-03,2025-10,Amazon,-8.99,DEBIT,Amazon,Card Payment,Revolut,10,2025
2025-10-03,2025-10,Amazon,-7.99,DEBIT,Amazon,Card Payment,Revolut,10,2025
2025-10-03,2025-10,Transport for London,-6.4,DEBIT,Transporte,Card Payment,Revolut,10,2025
2025-10-04,2025-10,Transport for London,-5.8,DEBIT,Transporte,Card Payment,Revolut,10,2025
2025-10-04,2025-10,Pret A Manger,-5.5,DEBIT,Restaurante,Card Payment,Revolut,10,2025
2025-10-05,2025-10,Card transaction of 22.10 GBP issued by Tesco Stores 5130 EASTCHEAP,-22.1,DEBIT,Mercado,CARD,Wise,10,2025
2025-10-05,2025-10,Card transaction of 19.00 GBP issued by Furness Fish Markets London,-19,DEBIT,Mercado,CARD,Wise,10,2025
2025-10-05,2025-10,Card transaction of 11.64 GBP issued by Red Bus Shop London,-11.64,DEBIT,Amazon,CARD,Wise,10,2025
2025-10-05,2025-10,Card transaction of 11.00 GBP issued by Gelateria 3bis London,-11,DEBIT,Restaurante,CARD,Wise,10,2025
2025-10-05,2025-10,Card transaction of 9.48 GBP issued by Amazon* Yo1gf3sq5 LONDON,-9.48,DEBIT,Restaurante,CARD,Wise,10,2025
2025-10-05,2025-10,Costcutter,-5.7,DEBIT,Mercado,Card Payment,Revolut,10,2025
2025-10-05,2025-10,Card transaction of 4.00 GBP issued by Huseyin Ice Cream LONDON,-4,DEBIT,Restaurante,CARD,Wise,10,2025
2025-10-05,2025-10,Card transaction of 3.95 GBP issued by Ecsi Ltd MITCHAM,-3.95,DEBIT,Restaurante,CARD,Wise,10,2025
2025-10-05,2025-10,Card transaction of 2.00 GBP issued by Paul Crane Maidstone,-2,DEBIT,Restaurante,CARD,Wise,10,2025
2025-10-06,2025-10,Shake Shack,-18.4,DEBIT,Restaurante,Card Payment,Revolut,10,2025
2025-10-06,2025-10,Card transaction of 12.13 GBP issued by Uber   *Eats HELP.UBER.COM,-12.13,DEBIT,Restaurante,CARD,Wise,10,2025
2025-10-06,2025-10,Transport for London,-4.9,DEBIT,Transporte,Card Payment,Revolut,10,2025
2025-10-07,2025-10,To PINNACLE HOUSING LIMITED CA Prec Beagle Court Rent,-2450,DEBIT,Aluguel,Transfer,Revolut,10,2025
2025-10-07,2025-10,Amazon,-28.99,DEBIT,Amazon,Card Payment,Revolut,10,2025
2025-10-07,2025-10,Card transaction of 14.09 GBP issued by Bershka Oxford Street LONDON,-14.09,DEBIT,Amazon,CARD,Wise,10,2025
2025-10-07,2025-10,Amazon Prime,-8.99,DEBIT,TV,Card Payment,Revolut,10,2025
2025-10-07,2025-10,Card transaction of 8.95 GBP issued by Zettle_*Sushidog Limited Maidenhead,-8.95,DEBIT,Restaurante,CARD,Wise,10,2025
2025-10-07,2025-10,Transport for London,-6.4,DEBIT,Transporte,Card Payment,Revolut,10,2025
2025-10-08,2025-10,Virgin Media Pymts,-36.99,DEBIT,Internet,Transfer,Revolut,10,2025
2025-10-08,2025-10,Greek And Go,-9.5,DEBIT,Restaurante,Card Payment,Revolut,10,2025
2025-10-08,2025-10,Tesco,-6.7,DEBIT,Mercado,Card Payment,Revolut,10,2025
2025-10-08,2025-10,Pret A Manger,-5.5,DEBIT,Restaurante,Card Payment,Revolut,10,2025
2025-10-08,2025-10,Card transaction of 2.50 GBP issued by Mile End - The Coffee London,-2.5,DEBIT,Restaurante,CARD,Wise,10,2025
2025-10-08,2025-10,Card transaction of 2.10 GBP issued by Mile End - The Coffee London,-2.1,DEBIT,Restaurante,CARD,Wise,10,2025
2025-10-09,2025-10,British Airways,-80,DEBIT,Viagem,Card Payment,Revolut,10,2025
2025-10-09,2025-10,Transport for London,-14.3,DEBIT,Transporte,Card Payment,Revolut,10,2025
2025-10-09,2025-10,Card transaction of 12.00 GBP issued by Www.voxi.co.uk VODAFONE LTD,-12,DEBIT,Celular,CARD,Wise,10,2025
2025-10-09,2025-10,Card transaction of 10.98 GBP issued by Uber   *Trip HELP.UBER.COM,-10.98,DEBIT,Uber,CARD,Wise,10,2025
2025-10-10,2025-10,Uber,-62.79,DEBIT,Transporte,Card Payment,Revolut,10,2025
2025-10-10,2025-10,Pret A Manger,-30.8,DEBIT,Restaurante,Card Payment,Revolut,10,2025
2025-10-10,2025-10,itsu,-8.85,DEBIT,Restaurante,Card Payment,Revolut,10,2025
2025-10-10,2025-10,Subway,-8.49,DEBIT,Restaurante,Card Payment,Revolut,10,2025
2025-10-10,2025-10,Transport for London,-7,DEBIT,Transporte,Card Payment,Revolut,10,2025
2025-10-11,2025-10,British Airways,-165,DEBIT,Viagem,Card Payment,Revolut,10,2025
2025-10-13,2025-10,Voxi,-20,DEBIT,Celular,Card Payment,Revolut,10,2025
2025-10-15,2025-10,Netflix,-5.99,DEBIT,TV,Card Payment,Revolut,10,2025
2025-10-17,2025-10,Homebox,-383.88,DEBIT,Home Box,Transfer,Revolut,10,2025
2025-10-31,2025-10,Paid to VIRGIN ACTIVE LTD,-109,DEBIT,Academia,DIRECT_DEBIT,Wise,10,2025
2025-10-31,2025-10,Amazon,-36.23,DEBIT,Amazon,Card Payment,Revolut,10,2025
2025-10-31,2025-10,Costcutter,-21.17,DEBIT,Mercado,Card Payment,Revolut,10,2025
2025-10-31,2025-10,Amazon,-19.54,DEBIT,Amazon,Card Payment,Revolut,10,2025
2025-11-01,2025-11,KFC,-20.99,DEBIT,Restaurante,Card Payment,Revolut,11,2025
2025-11-01,2025-11,Amazon,-14.24,DEBIT,Amazon,Card Payment,Revolut,11,2025
2025-11-01,2025-11,Amazon,-3.89,DEBIT,Amazon,Card Payment,Revolut,11,2025
2025-11-01,2025-11,Costcutter,-2.6,DEBIT,Mercado,Card Payment,Revolut,11,2025
2025-11-01,2025-11,Costcutter,-2.5,DEBIT,Mercado,Card Payment,Revolut,11,2025
2025-11-02,2025-11,Amazon,-34.99,DEBIT,Amazon,Card Payment,Revolut,11,2025
2025-11-02,2025-11,Amazon,-23.48,DEBIT,Amazon,Card Payment,Revolut,11,2025
2025-11-02,2025-11,Amazon,-6.99,DEBIT,Amazon,Card Payment,Revolut,11,2025
2025-11-02,2025-11,Transport for London,-5.8,DEBIT,Transporte,Card Payment,Revolut,11,2025
2025-11-03,2025-11,Amazon,-50,DEBIT,Amazon,Card Payment,Revolut,11,2025
2025-11-03,2025-11,Amazon,-2.52,DEBIT,Amazon,Card Payment,Revolut,11,2025
2025-11-04,2025-11,To HARLLA MARTINS D S L SIQUEIRA,-114,DEBIT,Dinheiro enviado (outra pessoa),Transfer,Revolut,11,2025
2025-11-04,2025-11,Amazon,-60.49,DEBIT,Amazon,Card Payment,Revolut,11,2025
2025-11-04,2025-11,Amazon,-55.24,DEBIT,Amazon,Card Payment,Revolut,11,2025
2025-11-04,2025-11,Transfer to Lucas Butzer de Almeida,-45,DEBIT,Dinheiro enviado (outra pessoa),Transfer,Revolut,11,2025
2025-11-04,2025-11,Amazon,-33.99,DEBIT,Amazon,Card Payment,Revolut,11,2025
2025-11-04,2025-11,Amazon,-26.99,DEBIT,Amazon,Card Payment,Revolut,11,2025
2025-11-04,2025-11,Sainsbury's,-21.5,DEBIT,Mercado,Card Payment,Revolut,11,2025
2025-11-04,2025-11,Farmer J,-13.3,DEBIT,Restaurante,Card Payment,Revolut,11,2025
2025-11-04,2025-11,Transport for London,-7,DEBIT,Transporte,Card Payment,Revolut,11,2025
2025-11-05,2025-11,K10 Sushi,-9.79,DEBIT,Restaurante,Card Payment,Revolut,11,2025
2025-11-05,2025-11,Transport for London,-7,DEBIT,Transporte,Card Payment,Revolut,11,2025
2025-11-05,2025-11,Pret A Manger,-5.5,DEBIT,Restaurante,Card Payment,Revolut,11,2025
2025-11-06,2025-11,itsu,-8.85,DEBIT,Restaurante,Card Payment,Revolut,11,2025
2025-11-07,2025-11,Amazon,-20.99,DEBIT,Amazon,Card Payment,Revolut,11,2025
2025-11-07,2025-11,Amazon Prime,-8.99,DEBIT,TV,Card Payment,Revolut,11,2025
2025-11-07,2025-11,Birley,-7.5,DEBIT,Restaurante,Card Payment,Revolut,11,2025
2025-11-07,2025-11,Transport for London,-6.4,DEBIT,Transporte,Card Payment,Revolut,11,2025
2025-11-07,2025-11,Transport for London,-6.4,DEBIT,Transporte,Card Payment,Revolut,11,2025
2025-11-07,2025-11,Pret A Manger,-5.5,DEBIT,Restaurante,Card Payment,Revolut,11,2025
2025-11-09,2025-11,Gold Star Dry Cleaner,-23,DEBIT,Limpeza,Card Payment,Revolut,11,2025
2025-11-09,2025-11,Barber's Lane,-18,DEBIT,Amazon,Card Payment,Revolut,11,2025
2025-11-09,2025-11,Amaro Dolce Canary Wh,-8.9,DEBIT,Restaurante,Card Payment,Revolut,11,2025
2025-11-10,2025-11,Ocado,-131.17,DEBIT,Mercado,Card Payment,Revolut,11,2025
2025-11-10,2025-11,Virgin Media Pymts,-36.99,DEBIT,Internet,Transfer,Revolut,11,2025
2025-11-10,2025-11,Shake Shack,-16.75,DEBIT,Restaurante,Card Payment,Revolut,11,2025
2025-11-10,2025-11,Transport for London,-6.4,DEBIT,Transporte,Card Payment,Revolut,11,2025
2025-11-11,2025-11,Voxi,-20,DEBIT,Celular,Card Payment,Revolut,11,2025
2025-11-11,2025-11,Pure,-9.95,DEBIT,Restaurante,Card Payment,Revolut,11,2025
2025-11-12,2025-11,Uber Eats,-11.53,DEBIT,Transporte,Card Payment,Revolut,11,2025
2025-11-12,2025-11,Remedy Kitchen W,-9.38,DEBIT,Restaurante,Card Payment,Revolut,11,2025
2025-11-12,2025-11,Lush,-7.5,DEBIT,Farmácia,Card Payment,Revolut,11,2025
2025-11-12,2025-11,Transport for London,-7,DEBIT,Transporte,Card Payment,Revolut,11,2025
2025-11-12,2025-11,Transport for London,-6.4,DEBIT,Transporte,Card Payment,Revolut,11,2025
2025-11-13,2025-11,Transport for London,-7,DEBIT,Transporte,Card Payment,Revolut,11,2025
2025-11-13,2025-11,Pret A Manger,-5.5,DEBIT,Restaurante,Card Payment,Revolut,11,2025
2025-11-14,2025-11,Transfer to Revolut user,-105,DEBIT,Dinheiro enviado (outra pessoa),Transfer,Revolut,11,2025
2025-11-14,2025-11,Netflix,-5.99,DEBIT,TV,Card Payment,Revolut,11,2025
2025-11-15,2025-11,Vineyard,-33.5,DEBIT,Restaurante,Card Payment,Revolut,11,2025
2025-11-15,2025-11,Delaware North Emirate,-15.85,DEBIT,Restaurante,Card Payment,Revolut,11,2025
2025-11-15,2025-11,Mcdonald's,-8.09,DEBIT,Restaurante,Card Payment,Revolut,11,2025
2025-11-16,2025-11,Tesco,-32.8,DEBIT,Mercado,Card Payment,Revolut,11,2025
2025-11-16,2025-11,Uber Eats,-10.48,DEBIT,Transporte,Card Payment,Revolut,11,2025
2025-11-16,2025-11,Amazon,-8.38,DEBIT,Amazon,Card Payment,Revolut,11,2025
2025-11-16,2025-11,Amazon,-7.29,DEBIT,Amazon,Card Payment,Revolut,11,2025
2025-11-16,2025-11,Transport for London,-5.8,DEBIT,Transporte,Card Payment,Revolut,11,2025
2025-11-17,2025-11,Leon,-8.49,DEBIT,Restaurante,Card Payment,Revolut,11,2025
2025-11-17,2025-11,Transport for London,-7,DEBIT,Transporte,Card Payment,Revolut,11,2025
2025-11-17,2025-11,Pret A Manger,-5.5,DEBIT,Restaurante,Card Payment,Revolut,11,2025
2025-11-18,2025-11,Amazon,-13.99,DEBIT,Amazon,Card Payment,Revolut,11,2025
2025-11-18,2025-11,Transport for London,-6.4,DEBIT,Transporte,Card Payment,Revolut,11,2025
2025-11-18,2025-11,Lovers Mini Market,-2.8,DEBIT,Mercado,Card Payment,Revolut,11,2025
2025-11-19,2025-11,Homebox,-383.88,DEBIT,Home Box,Transfer,Revolut,11,2025
2025-11-19,2025-11,Traditional Pure,-12.5,DEBIT,Restaurante,Card Payment,Revolut,11,2025
2025-11-20,2025-11,Shake Shack,-19.55,DEBIT,Restaurante,Card Payment,Revolut,11,2025
2025-11-20,2025-11,Transport for London,-7,DEBIT,Transporte,Card Payment,Revolut,11,2025
2025-11-20,2025-11,Transport for London,-7,DEBIT,Transporte,Card Payment,Revolut,11,2025
2025-11-21,2025-11,Amazon,-27.97,DEBIT,Amazon,Card Payment,Revolut,11,2025
2025-11-22,2025-11,Ole & Steen,-8.15,DEBIT,Restaurante,Card Payment,Revolut,11,2025
2025-11-22,2025-11,Transport for London,-7.55,DEBIT,Transporte,Card Payment,Revolut,11,2025
2025-11-23,2025-11,Ocado,-185,DEBIT,Mercado,Card Payment,Revolut,11,2025
2025-11-23,2025-11,Dines 5459 Bobs Gyros,-12.95,DEBIT,Restaurante,Card Payment,Revolut,11,2025
2025-11-23,2025-11,Dines 6141 Morty Bobs,-11,DEBIT,Restaurante,Card Payment,Revolut,11,2025
2025-11-23,2025-11,Amazon,-10.62,DEBIT,Amazon,Card Payment,Revolut,11,2025
2025-11-23,2025-11,Hpww 2613,-10,DEBIT,Ingresso,Card Payment,Revolut,11,2025
2025-11-23,2025-11,Hpww 2684,-10,DEBIT,Ingresso,Card Payment,Revolut,11,2025
2025-11-23,2025-11,Costcutter,-9.56,DEBIT,Mercado,Card Payment,Revolut,11,2025
2025-11-23,2025-11,Bavarian Village,-8.95,DEBIT,Restaurante,Card Payment,Revolut,11,2025
2025-11-23,2025-11,tickets,-8.25,DEBIT,Ingresso,Card Payment,Revolut,11,2025
2025-11-23,2025-11,Hpww 2771,-6,DEBIT,Ingresso,Card Payment,Revolut,11,2025
2025-11-23,2025-11,Dines 6255 Chocolates,-5.5,DEBIT,Restaurante,Card Payment,Revolut,11,2025
2025-11-23,2025-11,Dines 6025 Hot Choco,-5,DEBIT,Restaurante,Card Payment,Revolut,11,2025
2025-11-24,2025-11,itsu,-11.7,DEBIT,Restaurante,Card Payment,Revolut,11,2025
2025-11-24,2025-11,Transport for London,-8.9,DEBIT,Transporte,Card Payment,Revolut,11,2025
2025-11-24,2025-11,Transport for London,-7.55,DEBIT,Transporte,Card Payment,Revolut,11,2025
2025-11-25,2025-11,Amazon,-8.49,DEBIT,Amazon,Card Payment,Revolut,11,2025
2025-11-26,2025-11,Honi Poke,-17.29,DEBIT,Restaurante,Card Payment,Revolut,11,2025
2025-11-27,2025-11,Transport for London,-7,DEBIT,Transporte,Card Payment,Revolut,11,2025
2025-11-27,2025-11,Transport for London,-6.4,DEBIT,Transporte,Card Payment,Revolut,11,2025
2025-11-27,2025-11,Pret A Manger,-5.5,DEBIT,Restaurante,Card Payment,Revolut,11,2025
2025-11-28,2025-11,Amazon,-53.68,DEBIT,Amazon,Card Payment,Revolut,11,2025
2025-11-28,2025-11,Amazon,-32.5,DEBIT,Amazon,Card Payment,Revolut,11,2025
2025-11-28,2025-11,Pret A Manger,-10.49,DEBIT,Restaurante,Card Payment,Revolut,11,2025
2025-11-28,2025-11,Transport for London,-5.8,DEBIT,Transporte,Card Payment,Revolut,11,2025
2025-11-29,2025-11,To PINNACLE HOUSING LIMITED CA Prec Beagle Court Rent,-2450,DEBIT,Aluguel,Transfer,Revolut,11,2025
2025-11-30,2025-11,Paid to VIRGIN ACTIVE LTD,-109,DEBIT,Academia,DIRECT_DEBIT,Wise,11,2025
2025-11-30,2025-11,Relogio e fone Apple,-270,DEBIT,Amazon,Card Payment,Revolut,11,2025
2026-01-01,2026-01,Dines Pizza Pazzi,-28,DEBIT,Restaurante,Card Payment,Revolut,1,2026
2026-01-01,2026-01,Uber Eats,-20.34,DEBIT,Restaurante,Card Payment,Revolut,1,2026
2026-01-01,2026-01,LQ Group,-20,DEBIT,Energia,Card Payment,Revolut,1,2026
2026-01-01,2026-01,Smashing Plate,-17.5,DEBIT,Restaurante,Card Payment,Revolut,1,2026
2026-01-01,2026-01,RBG Kew Enterprises Limited,-14.5,DEBIT,Ingresso,Card Payment,Revolut,1,2026
2026-01-01,2026-01,Kerb,-9.25,DEBIT,Restaurante,Card Payment,Revolut,1,2026
2026-01-01,2026-01,Transport for London,-6.2,DEBIT,Transporte,Card Payment,Revolut,1,2026
2026-01-01,2026-01,Card transaction of 4.65 GBP issued by Tfl Travel Ch TFL.GOV.UK/CP,-4.65,DEBIT,Transporte,CARD,Wise,1,2026
2026-01-02,2026-01,Tesco,-40.93,DEBIT,Mercado,Card Payment,Revolut,1,2026
2026-01-02,2026-01,Lovers Mini Market,-13.08,DEBIT,Mercado,Card Payment,Revolut,1,2026
2026-01-02,2026-01,Transport for London,-8.7,DEBIT,Transporte,Card Payment,Revolut,1,2026
2026-01-03,2026-01,Somerset House,-30.45,DEBIT,Ingresso,Card Payment,Revolut,1,2026
2026-01-03,2026-01,Breeze,-9.5,DEBIT,Restaurante,Card Payment,Revolut,1,2026
2026-01-03,2026-01,Transport for London,-5.8,DEBIT,Transporte,Card Payment,Revolut,1,2026
2026-01-03,2026-01,Gumtree,-3.25,DEBIT,Amazon,Card Payment,Revolut,1,2026
2026-01-03,2026-01,Card transaction of 2.90 GBP issued by Tfl Travel Ch TFL.GOV.UK/CP,-2.9,DEBIT,Transporte,CARD,Wise,1,2026
2026-01-03,2026-01,Gumtree,-2.25,DEBIT,Amazon,Card Payment,Revolut,1,2026
2026-01-04,2026-01,Odyssey Bar Lounge,-50.63,DEBIT,Restaurante,Card Payment,Revolut,1,2026
2026-01-04,2026-01,Juma Jubilee L,-13.5,DEBIT,Restaurante,Card Payment,Revolut,1,2026
2026-01-04,2026-01,Turnips Borough,-13,DEBIT,Mercado,Card Payment,Revolut,1,2026
2026-01-04,2026-01,YouTube,-12.99,DEBIT,TV,Card Payment,Revolut,1,2026
2026-01-04,2026-01,Costcutter,-11.09,DEBIT,Mercado,Card Payment,Revolut,1,2026
2026-01-04,2026-01,Transport for London,-8.9,DEBIT,Transporte,Card Payment,Revolut,1,2026
2026-01-04,2026-01,Card transaction of 4.65 GBP issued by Tfl Travel Ch TFL.GOV.UK/CP,-4.65,DEBIT,Transporte,CARD,Wise,1,2026
2026-01-04,2026-01,Moishe S Bagel,-3.13,DEBIT,Restaurante,Card Payment,Revolut,1,2026
2026-01-05,2026-01,SpareRoom,-12.6,DEBIT,Home Box,Card Payment,Revolut,1,2026
2026-01-06,2026-01,Grounded Coffe,-14.95,DEBIT,Restaurante,Card Payment,Revolut,1,2026
2026-01-06,2026-01,Transport for London,-8.9,DEBIT,Transporte,Card Payment,Revolut,1,2026
2026-01-06,2026-01,Pret,-5.5,DEBIT,Restaurante,Card Payment,Revolut,1,2026
2026-01-07,2026-01,Farmer J,-13.5,DEBIT,Restaurante,Card Payment,Revolut,1,2026
2026-01-07,2026-01,Transport for London,-8.15,DEBIT,Transporte,Card Payment,Revolut,1,2026
2026-01-07,2026-01,Sainsbury's,-5.75,DEBIT,Mercado,Card Payment,Revolut,1,2026
2026-01-08,2026-01,Virgin Media Pymts,-36.99,DEBIT,Internet,Transfer,Revolut,1,2026
2026-01-08,2026-01,LQ Group,-30,DEBIT,Energia,Card Payment,Revolut,1,2026
2026-01-08,2026-01,Hotto Potto,-29.8,DEBIT,Restaurante,Card Payment,Revolut,1,2026
2026-01-08,2026-01,Nando's,-12.5,DEBIT,Restaurante,Card Payment,Revolut,1,2026
2026-01-08,2026-01,Amazon Prime,-8.99,DEBIT,TV,Card Payment,Revolut,1,2026
2026-01-08,2026-01,Transport for London,-8.9,DEBIT,Transporte,Card Payment,Revolut,1,2026
2026-01-08,2026-01,Pret,-5.5,DEBIT,Restaurante,Card Payment,Revolut,1,2026
2026-01-10,2026-01,Uber Eats,-20.55,DEBIT,Restaurante,Card Payment,Revolut,1,2026
2026-01-10,2026-01,Tesco,-20.49,DEBIT,Mercado,Card Payment,Revolut,1,2026
2026-01-10,2026-01,Flavour Manage,-10.45,DEBIT,Restaurante,Card Payment,Revolut,1,2026
2026-01-10,2026-01,Transport for London,-8.6,DEBIT,Transporte,Card Payment,Revolut,1,2026
2026-01-10,2026-01,Gumtree,-7.75,DEBIT,Amazon,Card Payment,Revolut,1,2026
2026-01-11,2026-01,Via Emilia Shoreditch,-38.25,DEBIT,Restaurante,Card Payment,Revolut,1,2026
2026-01-11,2026-01,Voxi,-20,DEBIT,Celular,Card Payment,Revolut,1,2026
2026-01-11,2026-01,The Blues Kitchen,-13.6,DEBIT,Restaurante,Card Payment,Revolut,1,2026
2026-01-11,2026-01,The Blues Kitchen,-13.6,DEBIT,Restaurante,Card Payment,Revolut,1,2026
2026-01-11,2026-01,The Blues Kitchen,-10,DEBIT,Restaurante,Card Payment,Revolut,1,2026
2026-01-11,2026-01,Transport for London,-8.9,DEBIT,Transporte,Card Payment,Revolut,1,2026
2026-01-11,2026-01,The Gregorian,-7.5,DEBIT,Restaurante,Card Payment,Revolut,1,2026
2026-01-12,2026-01,Transport for London,-1.25,DEBIT,Transporte,Card Payment,Revolut,1,2026
2026-01-13,2026-01,To PINNACLE HOUSING LIMITED CA Prec Beagle Court Rent,-1369.31,DEBIT,Aluguel,Transfer,Revolut,1,2026
2026-01-13,2026-01,itsu,-9.25,DEBIT,Restaurante,Card Payment,Revolut,1,2026
2026-01-13,2026-01,Transport for London,-7,DEBIT,Transporte,Card Payment,Revolut,1,2026
2026-01-13,2026-01,Pret,-5.5,DEBIT,Restaurante,Card Payment,Revolut,1,2026
2026-01-14,2026-01,AnyVan,-64,DEBIT,Home Box,Card Payment,Revolut,1,2026
2026-01-14,2026-01,Tesco,-19.55,DEBIT,Mercado,Card Payment,Revolut,1,2026
2026-01-14,2026-01,Shake Shack,-13.25,DEBIT,Restaurante,Card Payment,Revolut,1,2026
2026-01-14,2026-01,LQ Group,-11,DEBIT,Energia,Card Payment,Revolut,1,2026
2026-01-14,2026-01,Transport for London,-7,DEBIT,Transporte,Card Payment,Revolut,1,2026
2026-01-14,2026-01,Netflix,-5.99,DEBIT,TV,Card Payment,Revolut,1,2026
2026-01-14,2026-01,Pret,-5.5,DEBIT,Restaurante,Card Payment,Revolut,1,2026
2026-01-15,2026-01,Uber Eats,-18.52,DEBIT,Restaurante,Card Payment,Revolut,1,2026
2026-01-15,2026-01,Tesco,-11.29,DEBIT,Mercado,Card Payment,Revolut,1,2026
2026-01-16,2026-01,Transfer to Revolut user (Ligia aluguel),-800,DEBIT,Aluguel,Transfer,Revolut,1,2026
2026-01-16,2026-01,Transport for London,-7,DEBIT,Transporte,Card Payment,Revolut,1,2026
2026-01-17,2026-01,Uber Eats,-23.08,DEBIT,Restaurante,Card Payment,Revolut,1,2026
2026-01-17,2026-01,Transport for London,-2.3,DEBIT,Transporte,Card Payment,Revolut,1,2026
2026-01-17,2026-01,Tesco,-2,DEBIT,Mercado,Card Payment,Revolut,1,2026
2026-01-18,2026-01,Uber Eats,-16.78,DEBIT,Restaurante,Card Payment,Revolut,1,2026
2026-01-18,2026-01,Uber,-14.77,DEBIT,Uber,Card Payment,Revolut,1,2026
2026-01-19,2026-01,Homebox,-383.88,DEBIT,Home Box,Transfer,Revolut,1,2026
2026-01-19,2026-01,To Billing Better,-60,DEBIT,Transferência,Transfer,Revolut,1,2026
2026-01-19,2026-01,Uber Eats,-19.26,DEBIT,Restaurante,Card Payment,Revolut,1,2026
2026-01-19,2026-01,Al Masar,-18.5,DEBIT,Restaurante,Card Payment,Revolut,1,2026
2026-01-19,2026-01,Tesco,-17.69,DEBIT,Mercado,Card Payment,Revolut,1,2026
2026-01-19,2026-01,Uber Eats,-17.18,DEBIT,Restaurante,Card Payment,Revolut,1,2026
2026-01-20,2026-01,Transport for London,-22.3,DEBIT,Transporte,Card Payment,Revolut,1,2026
2026-01-20,2026-01,Double Seven Hospitality,-17.94,DEBIT,Restaurante,Card Payment,Revolut,1,2026
2026-01-20,2026-01,Transport for London,-7.6,DEBIT,Transporte,Card Payment,Revolut,1,2026
2026-01-20,2026-01,Pret,-5.5,DEBIT,Restaurante,Card Payment,Revolut,1,2026
2026-01-21,2026-01,Shake Shack,-13.55,DEBIT,Restaurante,Card Payment,Revolut,1,2026
2026-01-21,2026-01,Transport for London,-7.6,DEBIT,Transporte,Card Payment,Revolut,1,2026
2026-01-21,2026-01,Pret,-4.99,DEBIT,Restaurante,Card Payment,Revolut,1,2026
2026-01-22,2026-01,Marks & Spencer,-14.4,DEBIT,Mercado,Card Payment,Revolut,1,2026
2026-01-22,2026-01,itsu,-11.5,DEBIT,Restaurante,Card Payment,Revolut,1,2026
2026-01-22,2026-01,Pret,-5.5,DEBIT,Restaurante,Card Payment,Revolut,1,2026
2026-01-22,2026-01,Card transaction of 3.80 GBP issued by Tfl Travel Ch TFL.GOV.UK/CP,-3.8,DEBIT,Transporte,CARD,Wise,1,2026
2026-01-22,2026-01,Transport for London,-3.8,DEBIT,Transporte,Card Payment,Revolut,1,2026
2026-01-23,2026-01,Card transaction of 26.70 GBP issued by Tfl Travel Ch TFL.GOV.UK/CP,-26.7,DEBIT,Transporte,CARD,Wise,1,2026
2026-01-23,2026-01,Card transaction of 7.00 GBP issued by Tfl Travel Ch TFL.GOV.UK/CP,-7,DEBIT,Transporte,CARD,Wise,1,2026
2026-01-23,2026-01,Pret,-6.75,DEBIT,Restaurante,Card Payment,Revolut,1,2026
2026-01-23,2026-01,Birley,-6.45,DEBIT,Restaurante,Card Payment,Revolut,1,2026
2026-01-23,2026-01,Marks & Spencer,-6,DEBIT,Mercado,Card Payment,Revolut,1,2026
2026-01-23,2026-01,Pret,-4.99,DEBIT,Restaurante,Card Payment,Revolut,1,2026
2026-01-24,2026-01,Uber Eats,-29.95,DEBIT,Restaurante,Card Payment,Revolut,1,2026
2026-01-24,2026-01,Tesco,-9.85,DEBIT,Mercado,Card Payment,Revolut,1,2026
2026-01-24,2026-01,Al Masar,-6.95,DEBIT,Restaurante,Card Payment,Revolut,1,2026
2026-01-25,2026-01,Al Masar,-9.5,DEBIT,Restaurante,Card Payment,Revolut,1,2026
2026-01-27,2026-01,itsu,-10.45,DEBIT,Restaurante,Card Payment,Revolut,1,2026
2026-01-27,2026-01,Card transaction of 7.60 GBP issued by Tfl Travel Ch TFL.GOV.UK/CP,-7.6,DEBIT,Transporte,CARD,Wise,1,2026
2026-01-27,2026-01,Pret,-5.5,DEBIT,Restaurante,Card Payment,Revolut,1,2026
2026-01-28,2026-01,AnyVan,-127,DEBIT,Home Box,Card Payment,Revolut,1,2026
2026-01-28,2026-01,Tesco,-32.99,DEBIT,Mercado,Card Payment,Revolut,1,2026
2026-01-28,2026-01,Shake Shack,-14.05,DEBIT,Restaurante,Card Payment,Revolut,1,2026
2026-01-28,2026-01,Card transaction of 7.60 GBP issued by Tfl Travel Ch TFL.GOV.UK/CP,-7.6,DEBIT,Transporte,CARD,Wise,1,2026
2026-01-28,2026-01,Pret,-6.75,DEBIT,Restaurante,Card Payment,Revolut,1,2026
2026-01-28,2026-01,Disney+,-5.99,DEBIT,TV,Card Payment,Revolut,1,2026
2026-01-29,2026-01,itsu,-11.5,DEBIT,Restaurante,Card Payment,Revolut,1,2026
2026-01-29,2026-01,Card transaction of 7.60 GBP issued by Tfl Travel Ch TFL.GOV.UK/CP,-7.6,DEBIT,Transporte,CARD,Wise,1,2026
2026-01-29,2026-01,Pret,-4.99,DEBIT,Restaurante,Card Payment,Revolut,1,2026
2026-01-30,2026-01,Paid to VIRGIN ACTIVE LTD,-109,DEBIT,Academia,DIRECT_DEBIT,Wise,1,2026
2026-01-30,2026-01,Figo,-46.42,DEBIT,Outros,Card Payment,Revolut,1,2026
2026-01-30,2026-01,itsu,-10.45,DEBIT,Restaurante,Card Payment,Revolut,1,2026
2026-01-30,2026-01,Card transaction of 9.30 GBP issued by Tfl Travel Ch TFL.GOV.UK/CP,-9.3,DEBIT,Transporte,CARD,Wise,1,2026
2026-01-30,2026-01,Pret,-5.5,DEBIT,Restaurante,Card Payment,Revolut,1,2026
2026-02-01,2026-02,Transfer to Peter Bence Dinka,-1600,DEBIT,Aluguel,Transfer,Revolut,2,2026
2026-02-01,2026-02,Uber,-24.94,DEBIT,Uber,Card Payment,Revolut,2,2026
2026-02-01,2026-02,AnyVan,-18,DEBIT,Home Box,Card Payment,Revolut,2,2026
2026-02-01,2026-02,Card transaction of 6.20 GBP issued by Tfl Travel Ch TFL.GOV.UK/CP,-6.2,DEBIT,Transporte,CARD,Wise,2,2026
2026-02-01,2026-02,Tesco,-2.05,DEBIT,Mercado,Card Payment,Revolut,2,2026
2026-02-01,2026-02,To Talib Ahmadzai,-1.5,DEBIT,Dinheiro enviado,Transfer,Revolut,2,2026
2026-02-02,2026-02,Sainsbury's,-38.04,DEBIT,Mercado,Card Payment,Revolut,2,2026
2026-02-02,2026-02,Uber Eats,-25.18,DEBIT,Restaurante,Card Payment,Revolut,2,2026
2026-02-03,2026-02,Castle Laundrette And,-56,DEBIT,Limpeza,Card Payment,Revolut,2,2026
2026-02-03,2026-02,Amazon,-19.99,DEBIT,Amazon,Card Payment,Revolut,2,2026
2026-02-03,2026-02,itsu,-10.45,DEBIT,Restaurante,Card Payment,Revolut,2,2026
2026-02-03,2026-02,Amazon,-6.98,DEBIT,Amazon,Card Payment,Revolut,2,2026
2026-02-03,2026-02,Card transaction of 5.80 GBP issued by Tfl Travel Ch TFL.GOV.UK/CP,-5.8,DEBIT,Transporte,CARD,Wise,2,2026
2026-02-03,2026-02,Pret,-5.5,DEBIT,Restaurante,Card Payment,Revolut,2,2026
2026-02-03,2026-02,Amazon,-4.39,DEBIT,Amazon,Card Payment,Revolut,2,2026
2026-02-03,2026-02,Amazon,-3.89,DEBIT,Amazon,Card Payment,Revolut,2,2026
2026-02-04,2026-02,Shake Shack,-13.25,DEBIT,Restaurante,Card Payment,Revolut,2,2026
2026-02-04,2026-02,YouTube,-12.99,DEBIT,TV,Card Payment,Revolut,2,2026
2026-02-04,2026-02,itsu,-9.45,DEBIT,Restaurante,Card Payment,Revolut,2,2026
2026-02-04,2026-02,Card transaction of 9.10 GBP issued by Tfl Travel Ch TFL.GOV.UK/CP,-9.1,DEBIT,Transporte,CARD,Wise,2,2026
2026-02-04,2026-02,Pret,-4.99,DEBIT,Restaurante,Card Payment,Revolut,2,2026
2026-02-05,2026-02,Dolphinfitness.co,-36.94,DEBIT,Academia,Card Payment,Revolut,2,2026
2026-02-05,2026-02,Nazaan Cycling,-21,DEBIT,Other,Card Payment,Revolut,2,2026
2026-02-05,2026-02,Sainsbury's,-20.37,DEBIT,Mercado,Card Payment,Revolut,2,2026
2026-02-05,2026-02,Amazon,-18.14,DEBIT,Amazon,Card Payment,Revolut,2,2026
2026-02-05,2026-02,Pret,-6.75,DEBIT,Restaurante,Card Payment,Revolut,2,2026
2026-02-05,2026-02,Card transaction of 6.40 GBP issued by Tfl Travel Ch TFL.GOV.UK/CP,-6.4,DEBIT,Transporte,CARD,Wise,2,2026
2026-02-06,2026-02,Amazon,-14.4,DEBIT,Amazon,Card Payment,Revolut,2,2026
2026-02-06,2026-02,itsu,-9.25,DEBIT,Restaurante,Card Payment,Revolut,2,2026
2026-02-06,2026-02,Card transaction of 5.60 GBP issued by Tfl Travel Ch TFL.GOV.UK/CP,-5.6,DEBIT,Transporte,CARD,Wise,2,2026
2026-02-06,2026-02,Pret,-5.5,DEBIT,Restaurante,Card Payment,Revolut,2,2026
2026-02-07,2026-02,Amazon,-109.99,DEBIT,Amazon,Card Payment,Revolut,2,2026
2026-02-07,2026-02,Card transaction of 23.83 GBP issued by Sainsbury's S/mkt ELEPHANT & CA,-23.83,DEBIT,Mercado,CARD,Wise,2,2026
2026-02-08,2026-02,Amazon,-120,DEBIT,Amazon,Card Payment,Revolut,2,2026
2026-02-08,2026-02,Murger Han,-16.5,DEBIT,Restaurante,Card Payment,Revolut,2,2026
2026-02-08,2026-02,Sainsbury's,-15.64,DEBIT,Mercado,Card Payment,Revolut,2,2026
2026-02-08,2026-02,Amazon Prime,-8.99,DEBIT,TV,Card Payment,Revolut,2,2026
2026-02-08,2026-02,Sainsbury's,-5.25,DEBIT,Mercado,Card Payment,Revolut,2,2026
2026-02-09,2026-02,Amazon,-74.99,DEBIT,Amazon,Card Payment,Revolut,2,2026
2026-02-09,2026-02,Virgin Media Pymts,-36.99,DEBIT,Internet,Transfer,Revolut,2,2026
2026-02-09,2026-02,Amazon,-31.34,DEBIT,Amazon,Card Payment,Revolut,2,2026
2026-02-09,2026-02,Amazon,-11,DEBIT,Amazon,Card Payment,Revolut,2,2026
2026-02-09,2026-02,Amazon,-10.99,DEBIT,Amazon,Card Payment,Revolut,2,2026
2026-02-09,2026-02,Amazon,-4.48,DEBIT,Amazon,Card Payment,Revolut,2,2026
2026-02-09,2026-02,Amazon,-2.99,DEBIT,Amazon,Card Payment,Revolut,2,2026
2026-02-10,2026-02,Voxi,-20,DEBIT,Celular,Card Payment,Revolut,2,2026
2026-02-10,2026-02,Amazon,-14.97,DEBIT,Amazon,Card Payment,Revolut,2,2026
2026-02-10,2026-02,Card transaction of 6.89 GBP issued by Sainsburys S/mkts ELEPHANT & CA,-6.89,DEBIT,Mercado,CARD,Wise,2,2026
2026-02-11,2026-02,Amazon,-30.42,DEBIT,Amazon,Card Payment,Revolut,2,2026
2026-02-11,2026-02,itsu,-10.45,DEBIT,Restaurante,Card Payment,Revolut,2,2026
2026-02-11,2026-02,Amazon,-5.97,DEBIT,Amazon,Card Payment,Revolut,2,2026
2026-02-11,2026-02,Card transaction of 5.60 GBP issued by Tfl Travel Ch TFL.GOV.UK/CP,-5.6,DEBIT,Transporte,CARD,Wise,2,2026
2026-02-11,2026-02,Pret,-5.25,DEBIT,Restaurante,Card Payment,Revolut,2,2026
2026-02-11,2026-02,Transport for London,-1.5,DEBIT,Transporte,Card Payment,Revolut,2,2026
2026-02-12,2026-02,Amazon,-24.99,DEBIT,Amazon,Card Payment,Revolut,2,2026
2026-02-12,2026-02,Amazon,-14.4,DEBIT,Amazon,Card Payment,Revolut,2,2026
2026-02-12,2026-02,Shake Shack,-13.25,DEBIT,Restaurante,Card Payment,Revolut,2,2026
2026-02-12,2026-02,Pret,-6.75,DEBIT,Restaurante,Card Payment,Revolut,2,2026
2026-02-12,2026-02,Card transaction of 2.90 GBP issued by Tfl Travel Ch TFL.GOV.UK/CP,-2.9,DEBIT,Transporte,CARD,Wise,2,2026
2026-02-12,2026-02,Transport for London,-2.8,DEBIT,Transporte,Card Payment,Revolut,2,2026
2026-02-13,2026-02,Ep Cuts,-22,DEBIT,Beleza,Card Payment,Revolut,2,2026
2026-02-13,2026-02,Sainsbury's,-19.27,DEBIT,Mercado,Card Payment,Revolut,2,2026
2026-02-14,2026-02,itsu,-11.7,DEBIT,Restaurante,Card Payment,Revolut,2,2026
2026-02-14,2026-02,Transport for London,-5.6,DEBIT,Transporte,Card Payment,Revolut,2,2026
2026-02-14,2026-02,Pret,-5.5,DEBIT,Restaurante,Card Payment,Revolut,2,2026
2026-02-14,2026-02,Sainsbury's,-5.12,DEBIT,Mercado,Card Payment,Revolut,2,2026
2026-02-15,2026-02,Sainsbury's,-27.52,DEBIT,Mercado,Card Payment,Revolut,2,2026
2026-02-15,2026-02,Amazon,-12.99,DEBIT,Amazon,Card Payment,Revolut,2,2026
2026-02-15,2026-02,Amazon,-7.49,DEBIT,Amazon,Card Payment,Revolut,2,2026
2026-02-15,2026-02,Amazon,-6.49,DEBIT,Amazon,Card Payment,Revolut,2,2026
2026-02-16,2026-02,Amazon,-4.99,DEBIT,Amazon,Card Payment,Revolut,2,2026
2026-02-17,2026-02,Amazon,-12.99,DEBIT,Amazon,Card Payment,Revolut,2,2026
2026-02-17,2026-02,itsu,-10.45,DEBIT,Restaurante,Card Payment,Revolut,2,2026
2026-02-17,2026-02,Transport for London,-5.7,DEBIT,Transporte,Card Payment,Revolut,2,2026
2026-02-18,2026-02,Amazon,-120,DEBIT,Amazon,Card Payment,Revolut,2,2026
2026-02-18,2026-02,Amazon,-4.99,DEBIT,Amazon,Card Payment,Revolut,2,2026
2026-02-18,2026-02,Sainsbury's,-12.76,DEBIT,Mercado,Card Payment,Revolut,2,2026
2026-02-18,2026-02,Pret,-5.5,DEBIT,Restaurante,Card Payment,Revolut,2,2026
2026-02-18,2026-02,Transport for London,-5.6,DEBIT,Transporte,Card Payment,Revolut,2,2026
2026-02-19,2026-02,Amazon,-2,DEBIT,Amazon,Card Payment,Revolut,2,2026
2026-02-19,2026-02,Shake Shack,-14.05,DEBIT,Restaurante,Card Payment,Revolut,2,2026
2026-02-19,2026-02,Transport for London,-5.8,DEBIT,Transporte,Card Payment,Revolut,2,2026
2026-02-20,2026-02,Sainsbury's,-16.09,DEBIT,Mercado,Card Payment,Revolut,2,2026
2026-02-20,2026-02,Farmer J,-13.5,DEBIT,Restaurante,Card Payment,Revolut,2,2026
2026-02-20,2026-02,Transport for London,-5.8,DEBIT,Transporte,Card Payment,Revolut,2,2026
2026-02-22,2026-02,Sainsbury's,-24.36,DEBIT,Mercado,Card Payment,Revolut,2,2026
2026-02-23,2026-02,Amazon,-12.99,DEBIT,Amazon,Card Payment,Revolut,2,2026
2026-02-23,2026-02,Amazon,-32.6,DEBIT,Amazon,Card Payment,Revolut,2,2026
2026-02-23,2026-02,Amazon,-11.49,DEBIT,Amazon,Card Payment,Revolut,2,2026
2026-02-23,2026-02,Amazon,-3.49,DEBIT,Amazon,Card Payment,Revolut,2,2026
2026-02-24,2026-02,itsu,-10.45,DEBIT,Restaurante,Card Payment,Revolut,2,2026
2026-02-24,2026-02,Pret,-5.5,DEBIT,Restaurante,Card Payment,Revolut,2,2026
2026-02-24,2026-02,Transport for London,-5.7,DEBIT,Transporte,Card Payment,Revolut,2,2026
2026-02-24,2026-02,Go Falafel,-9.75,DEBIT,Restaurante,Card Payment,Revolut,2,2026
2026-02-25,2026-02,Sainsbury's,-9.16,DEBIT,Mercado,Card Payment,Revolut,2,2026
2026-02-25,2026-02,Pret,-5.5,DEBIT,Restaurante,Card Payment,Revolut,2,2026
2026-02-26,2026-02,Transport for London,-5.7,DEBIT,Transporte,Card Payment,Revolut,2,2026
2026-02-26,2026-02,Shake Shack,-16.05,DEBIT,Restaurante,Card Payment,Revolut,2,2026
2026-02-27,2026-02,Pret,-6.75,DEBIT,Restaurante,Card Payment,Revolut,2,2026
2026-02-27,2026-02,Amazon,-16.95,DEBIT,Amazon,Card Payment,Revolut,2,2026
2026-02-27,2026-02,Transport for London,-5.8,DEBIT,Transporte,Card Payment,Revolut,2,2026
2026-02-27,2026-02,Amazon,-17.97,DEBIT,Amazon,Card Payment,Revolut,2,2026
2026-02-27,2026-02,itsu,-10.45,DEBIT,Restaurante,Card Payment,Revolut,2,2026
2026-02-27,2026-02,Pret,-5.5,DEBIT,Restaurante,Card Payment,Revolut,2,2026
2026-02-27,2026-02,Paid to VIRGIN ACTIVE LTD,-109,DEBIT,Academia,DIRECT_DEBIT,Wise,2,2026
2026-03-01,2026-03,To Michele Messina,-1598,DEBIT,Aluguel,Transfer,Revolut,3,
2026-03-31,2026-03,Eurostar,-225,DEBIT,Viagem,Card Payment,Revolut,3,
2026-03-15,2026-03,Drivalia Camden Town,-109.8,DEBIT,Viagem,Card Payment,Revolut,3,
2026-03-20,2026-03,Transfer to Ali Naroozi,-100,DEBIT,Droga,Transfer,Revolut,3,
2026-03-28,2026-03,Diogenes The D,-96.47,DEBIT,Restaurante,Card Payment,Revolut,3,
2026-03-10,2026-03,Booking.com,-65.84,DEBIT,Viagem,Card Payment,Revolut,3,
2026-03-06,2026-03,Transfer to MICHELE MESSINA,-54.71,DEBIT,Casa,Transfer,Revolut,3,
2026-03-01,2026-03,Moco Museum Modern,-49.8,DEBIT,Ingresso,Card Payment,Revolut,3,
2026-03-26,2026-03,Virgin Media,-40.34,DEBIT,Internet,Card Payment,Revolut,3,
2026-03-08,2026-03,Sainsbury's,-26.89,DEBIT,Mercado,Card Payment,Revolut,3,
2026-03-29,2026-03,Amazon,-25.99,DEBIT,Amazon,Card Payment,Revolut,3,
2026-03-09,2026-03,Amazon,-25.51,DEBIT,Amazon,Card Payment,Revolut,3,
2026-03-02,2026-03,Amazon,-24.5,DEBIT,Amazon,Card Payment,Revolut,3,
2026-03-02,2026-03,Sainsbury's,-23.74,DEBIT,Mercado,Card Payment,Revolut,3,
2026-03-08,2026-03,Tesco,-22.7,DEBIT,Mercado,Card Payment,Revolut,3,
2026-03-03,2026-03,Amazon,-20.99,DEBIT,Amazon,Card Payment,Revolut,3,
2026-03-12,2026-03,Voxi,-20,DEBIT,Celular,Card Payment,Revolut,3,
2026-03-10,2026-03,Stress Free Car Rental,-17.5,DEBIT,Viagem,Card Payment,Revolut,3,
2026-03-25,2026-03,Amazon,-16.9,DEBIT,Amazon,Card Payment,Revolut,3,
2026-03-29,2026-03,Amazon,-16.65,DEBIT,Amazon,Card Payment,Revolut,3,
2026-03-22,2026-03,Sainsbury's,-16.6,DEBIT,Mercado,Card Payment,Revolut,3,
2026-03-05,2026-03,Shake Shack,-16.05,DEBIT,Restaurante,Card Payment,Revolut,3,
2026-03-20,2026-03,Shake Shack,-16.05,DEBIT,Restaurante,Card Payment,Revolut,3,
2026-03-29,2026-03,Sainsbury's,-16.05,DEBIT,Mercado,Card Payment,Revolut,3,
2026-03-27,2026-03,Sainsbury's,-14.58,DEBIT,Mercado,Card Payment,Revolut,3,
2026-03-09,2026-03,Sainsbury's,-13.81,DEBIT,Mercado,Card Payment,Revolut,3,
2026-03-25,2026-03,Sainsbury's,-13.8,DEBIT,Mercado,Card Payment,Revolut,3,
2026-03-15,2026-03,Cafe 338 London,-13.6,DEBIT,Restaurante,Card Payment,Revolut,3,
2026-03-04,2026-03,Farmer J,-13.5,DEBIT,Restaurante,Card Payment,Revolut,3,
2026-03-26,2026-03,Farmer J,-13.5,DEBIT,Restaurante,Card Payment,Revolut,3,
2026-03-01,2026-03,Thirst Bar,-13,DEBIT,Restaurante,Card Payment,Revolut,3,
2026-03-01,2026-03,Thirst Bar,-13,DEBIT,Restaurante,Card Payment,Revolut,3,
2026-03-04,2026-03,YouTube,-12.99,DEBIT,TV,Card Payment,Revolut,3,
2026-03-14,2026-03,Amazon,-12.99,DEBIT,Amazon,Card Payment,Revolut,3,
2026-03-19,2026-03,Sainsbury's,-12.38,DEBIT,Mercado,Card Payment,Revolut,3,
2026-03-17,2026-03,Sainsbury's,-12,DEBIT,Mercado,Card Payment,Revolut,3,
2026-03-05,2026-03,itsu,-11.7,DEBIT,Restaurante,Card Payment,Revolut,3,
2026-03-12,2026-03,itsu,-11.7,DEBIT,Restaurante,Card Payment,Revolut,3,
2026-03-27,2026-03,itsu,-11.7,DEBIT,Restaurante,Card Payment,Revolut,3,
2026-03-10,2026-03,itsu,-11.5,DEBIT,Restaurante,Card Payment,Revolut,3,
2026-03-13,2026-03,Flavour Management,-11.45,DEBIT,Restaurante,Card Payment,Revolut,3,
2026-03-18,2026-03,Pret,-10.95,DEBIT,Restaurante,Card Payment,Revolut,3,
2026-03-01,2026-03,Crunch,-10.5,DEBIT,Restaurante,Card Payment,Revolut,3,
2026-03-03,2026-03,itsu,-10.45,DEBIT,Restaurante,Card Payment,Revolut,3,
2026-03-11,2026-03,itsu,-10.45,DEBIT,Restaurante,Card Payment,Revolut,3,
2026-03-17,2026-03,itsu,-10.45,DEBIT,Restaurante,Card Payment,Revolut,3,
2026-03-25,2026-03,itsu,-10.45,DEBIT,Restaurante,Card Payment,Revolut,3,
2026-03-24,2026-03,The Salad Kitchen,-10.15,DEBIT,Restaurante,Card Payment,Revolut,3,
2026-03-31,2026-03,B K Mobile,-10,DEBIT,Celular,Card Payment,Revolut,3,
2026-03-26,2026-03,Amazon,-9.99,DEBIT,Amazon,Card Payment,Revolut,3,
2026-03-30,2026-03,Sainsbury's,-9.91,DEBIT,Mercado,Card Payment,Revolut,3,
2026-03-08,2026-03,Amazon Prime,-8.99,DEBIT,TV,Card Payment,Revolut,3,
2026-03-23,2026-03,Sainsbury's,-8.83,DEBIT,Mercado,Card Payment,Revolut,3,
2026-03-01,2026-03,Transport for London,-8.4,DEBIT,Transporte,Card Payment,Revolut,3,
2026-03-15,2026-03,ItaliAmo Cafe,-8.3,DEBIT,Restaurante,Card Payment,Revolut,3,
2026-03-13,2026-03,itsu,-8.19,DEBIT,Restaurante,Card Payment,Revolut,3,
2026-03-31,2026-03,Sainsbury's,-7.89,DEBIT,Mercado,Card Payment,Revolut,3,
2026-03-21,2026-03,Transfer to MICHELE MESSINA,-7.58,DEBIT,Casa,Transfer,Revolut,3,
2026-03-21,2026-03,itsu,-7.49,DEBIT,Restaurante,Card Payment,Revolut,3,
2026-03-18,2026-03,Sugarloaf,-7.35,DEBIT,Restaurante,Card Payment,Revolut,3,
2026-03-28,2026-03,Sainsbury's,-7.17,DEBIT,Mercado,Card Payment,Revolut,3,
2026-03-14,2026-03,Sainsbury's,-6.85,DEBIT,Mercado,Card Payment,Revolut,3,
2026-03-07,2026-03,Sainsbury's,-6.78,DEBIT,Mercado,Card Payment,Revolut,3,
2026-03-22,2026-03,Murger Han Euston,-6.55,DEBIT,Restaurante,Card Payment,Revolut,3,
2026-03-08,2026-03,Sainsbury's,-6.45,DEBIT,Mercado,Card Payment,Revolut,3,
2026-03-21,2026-03,Sainsbury's,-6.37,DEBIT,Mercado,Card Payment,Revolut,3,
2026-03-21,2026-03,Transport for London,-6.2,DEBIT,Transporte,Card Payment,Revolut,3,
2026-03-26,2026-03,Transport for London,-6.2,DEBIT,Transporte,Card Payment,Revolut,3,
2026-03-27,2026-03,Transport for London,-6.2,DEBIT,Transporte,Card Payment,Revolut,3,
2026-03-17,2026-03,Transport for London,-6.1,DEBIT,Transporte,Card Payment,Revolut,3,
2026-03-24,2026-03,Transport for London,-6.1,DEBIT,Transporte,Card Payment,Revolut,3,
2026-03-30,2026-03,Transport for London,-6,DEBIT,Transporte,Card Payment,Revolut,3,
2026-03-01,2026-03,Amazon,-5.99,DEBIT,Amazon,Card Payment,Revolut,3,
2026-03-23,2026-03,Disney+,-5.99,DEBIT,TV,Card Payment,Revolut,3,
2026-03-26,2026-03,Amazon,-5.7,DEBIT,Amazon,Card Payment,Revolut,3,
2026-03-05,2026-03,Pret,-5.5,DEBIT,Restaurante,Card Payment,Revolut,3,
2026-03-10,2026-03,Pret,-5.5,DEBIT,Restaurante,Card Payment,Revolut,3,
2026-03-17,2026-03,Pret,-5.5,DEBIT,Restaurante,Card Payment,Revolut,3,
2026-03-21,2026-03,Pret,-5.5,DEBIT,Restaurante,Card Payment,Revolut,3,
2026-03-24,2026-03,Pret,-5.5,DEBIT,Restaurante,Card Payment,Revolut,3,
2026-03-01,2026-03,Thirst Bar,-5,DEBIT,Restaurante,Card Payment,Revolut,3,
2026-03-05,2026-03,Sainsbury's,-5,DEBIT,Mercado,Card Payment,Revolut,3,
2026-03-06,2026-03,Read The Rea,-5,DEBIT,Amazon,Card Payment,Revolut,3,
2026-03-08,2026-03,Badiani 1932,-5,DEBIT,Restaurante,Card Payment,Revolut,3,
2026-03-03,2026-03,Pret,-4.99,DEBIT,Restaurante,Card Payment,Revolut,3,
2026-03-06,2026-03,Pret,-4.99,DEBIT,Restaurante,Card Payment,Revolut,3,
2026-03-11,2026-03,Pret,-4.99,DEBIT,Restaurante,Card Payment,Revolut,3,
2026-03-31,2026-03,Amazon Music,-4.99,DEBIT,TV,Card Payment,Revolut,3,
2026-03-30,2026-03,Amazon,-4.45,DEBIT,Amazon,Card Payment,Revolut,3,
2026-03-24,2026-03,Sainsbury's,-4.42,DEBIT,Mercado,Card Payment,Revolut,3,
2026-03-26,2026-03,Amazon,-4.13,DEBIT,Amazon,Card Payment,Revolut,3,
2026-03-15,2026-03,Nicks Ice Creams,-3.5,DEBIT,Restaurante,Card Payment,Revolut,3,
2026-03-02,2026-03,Amazon Music,-3.49,DEBIT,TV,Card Payment,Revolut,3,
2026-03-27,2026-03,Amazon Music,-3.49,DEBIT,TV,Card Payment,Revolut,3,
2026-03-03,2026-03,Transport for London,-3.1,DEBIT,Transporte,Card Payment,Revolut,3,
2026-03-16,2026-03,Transport for London,-3.1,DEBIT,Transporte,Card Payment,Revolut,3,
2026-03-16,2026-03,Transport for London,-3.1,DEBIT,Transporte,Card Payment,Revolut,3,
2026-03-25,2026-03,Transport for London,-3.1,DEBIT,Transporte,Card Payment,Revolut,3,
2026-03-29,2026-03,Sainsbury's,-2.25,DEBIT,Mercado,Card Payment,Revolut,3,
2026-03-29,2026-03,Transport for London,-1.75,DEBIT,Transporte,Card Payment,Revolut,3,
2026-03-22,2026-03,Sainsbury's,-1.5,DEBIT,Mercado,Card Payment,Revolut,3,
2026-03-21,2026-03,Sainsbury's,-1.4,DEBIT,Mercado,Card Payment,Revolut,3,
2026-03-02,2026-03,Transport for London,-0.5,DEBIT,Transporte,Card Payment,Revolut,3,
2026-03-15,2026-03,Datatek Payments Ltd,-0.5,DEBIT,Transporte,Card Payment,Revolut,3,
2026-03-25,2026-03,Lb Southwark,-185,DEBIT,Casa,Transfer,Revolut,3,
2026-03-31,2026-03,Paid to VIRGIN ACTIVE LTD,-109,DEBIT,Academia,DIRECT_DEBIT,Wise,3,2026
2026-04-25,2026-04,Madmuscles,-0.49,DEBIT,Academia,Card Payment,Revolut,4,
2026-04-08,2026-04,Sainsbury's,-0.7,DEBIT,Mercado,Card Payment,Revolut,4,
2026-04-18,2026-04,Apple,-0.99,DEBIT,TV,Card Payment,Revolut,4,
2026-04-19,2026-04,Amazon,-1.49,DEBIT,Amazon,Card Payment,Revolut,4,
2026-04-20,2026-04,McDonald's,-1.59,DEBIT,Restaurante,Card Payment,Revolut,4,
2026-04-12,2026-04,Transport for London,-1.75,DEBIT,Transporte,Card Payment,Revolut,4,
2026-04-20,2026-04,Transport for London,-1.75,DEBIT,Transporte,Card Payment,Revolut,4,
2026-04-12,2026-04,IKEA,-1.95,DEBIT,Home Box,Card Payment,Revolut,4,
2026-04-08,2026-04,Sainsbury's,-2.34,DEBIT,Mercado,Card Payment,Revolut,4,
2026-04-04,2026-04,Sainsbury's,-2.45,DEBIT,Mercado,Card Payment,Revolut,4,
2026-04-28,2026-04,Whocares Hair&,-2.61,DEBIT,Cabelo,Card Payment,Revolut,4,
2026-04-07,2026-04,Mr Whippy,-3,DEBIT,Restaurante,Card Payment,Revolut,4,
2026-04-18,2026-04,Transport for London,-3,DEBIT,Transporte,Card Payment,Revolut,4,
2026-04-02,2026-04,Transport for London,-3.1,DEBIT,Transporte,Card Payment,Revolut,4,
2026-04-08,2026-04,Transport for London,-3.1,DEBIT,Transporte,Card Payment,Revolut,4,
2026-04-09,2026-04,Transport for London,-3.1,DEBIT,Transporte,Card Payment,Revolut,4,
2026-04-21,2026-04,Transport for London,-3.1,DEBIT,Transporte,Card Payment,Revolut,4,
2026-04-19,2026-04,Dines Pasta Mercato,-3.5,DEBIT,Restaurante,Card Payment,Revolut,4,
2026-04-18,2026-04,Amazon,-3.99,DEBIT,Amazon,Card Payment,Revolut,4,
2026-04-30,2026-04,Rosslyn,-4,DEBIT,Restaurante,Card Payment,Revolut,4,
2026-04-30,2026-04,Momentum Services,-4.7,DEBIT,Transporte,Card Payment,Revolut,4,
2026-04-28,2026-04,Evenement Kenaupark,-4.78,DEBIT,Ingresso,Card Payment,Revolut,4,
2026-04-12,2026-04,Transport for London,-4.85,DEBIT,Transporte,Card Payment,Revolut,4,
2026-04-01,2026-04,Sainsbury's,-4.9,DEBIT,Mercado,Card Payment,Revolut,4,
2026-04-17,2026-04,Storiboard,-5,DEBIT,Amazon,Card Payment,Revolut,4,
2026-04-03,2026-04,Pret,-5.25,DEBIT,Restaurante,Card Payment,Revolut,4,
2026-04-10,2026-04,Pret,-5.25,DEBIT,Restaurante,Card Payment,Revolut,4,
2026-04-22,2026-04,Pret,-5.25,DEBIT,Restaurante,Card Payment,Revolut,4,
2026-04-02,2026-04,Pret,-5.5,DEBIT,Restaurante,Card Payment,Revolut,4,
2026-04-08,2026-04,Pret,-5.5,DEBIT,Restaurante,Card Payment,Revolut,4,
2026-04-15,2026-04,Pret,-5.5,DEBIT,Restaurante,Card Payment,Revolut,4,
2026-04-16,2026-04,Pret,-5.5,DEBIT,Restaurante,Card Payment,Revolut,4,
2026-04-18,2026-04,Pret,-5.5,DEBIT,Restaurante,Card Payment,Revolut,4,
2026-04-21,2026-04,Pret,-5.5,DEBIT,Restaurante,Card Payment,Revolut,4,
2026-04-25,2026-04,Pret,-5.5,DEBIT,Restaurante,Card Payment,Revolut,4,
2026-04-29,2026-04,Dreamteam Haarlem,-5.66,DEBIT,Restaurante,Card Payment,Revolut,4,
2026-04-23,2026-04,Disney+,-5.99,DEBIT,TV,Card Payment,Revolut,4,
2026-04-05,2026-04,Transport for London,-6,DEBIT,Transporte,Card Payment,Revolut,4,
2026-04-03,2026-04,Transport for London,-6.1,DEBIT,Transporte,Card Payment,Revolut,4,
2026-04-16,2026-04,Transport for London,-6.1,DEBIT,Transporte,Card Payment,Revolut,4,
2026-04-01,2026-04,Transport for London,-6.2,DEBIT,Transporte,Card Payment,Revolut,4,
2026-04-22,2026-04,itsu,-6.25,DEBIT,Restaurante,Card Payment,Revolut,4,
2026-04-28,2026-04,Snacks & Vlaamse Friet,-6.52,DEBIT,Restaurante,Card Payment,Revolut,4,
2026-04-29,2026-04,Coffeeshop REEFER,-6.52,DEBIT,Restaurante,Card Payment,Revolut,4,
2026-04-29,2026-04,Holland Promotion,-6.74,DEBIT,Ingresso,Card Payment,Revolut,4,
2026-04-08,2026-04,Pret,-6.99,DEBIT,Restaurante,Card Payment,Revolut,4,
2026-04-05,2026-04,Sainsbury's,-7,DEBIT,Mercado,Card Payment,Revolut,4,
2026-04-22,2026-04,Sainsbury's,-7,DEBIT,Mercado,Card Payment,Revolut,4,
2026-04-02,2026-04,Sainsbury's,-7.2,DEBIT,Mercado,Card Payment,Revolut,4,
2026-04-19,2026-04,Sainsbury's,-7.35,DEBIT,Mercado,Card Payment,Revolut,4,
2026-04-20,2026-04,McDonald's,-7.49,DEBIT,Restaurante,Card Payment,Revolut,4,
2026-04-09,2026-04,Sugarloaf,-7.5,DEBIT,Restaurante,Card Payment,Revolut,4,
2026-04-18,2026-04,Sugarloaf,-7.8,DEBIT,Restaurante,Card Payment,Revolut,4,
2026-04-09,2026-04,Rosslyn,-8,DEBIT,Restaurante,Card Payment,Revolut,4,
2026-04-22,2026-04,Rosslyn,-8,DEBIT,Restaurante,Card Payment,Revolut,4,
2026-04-23,2026-04,Pret,-8,DEBIT,Restaurante,Card Payment,Revolut,4,
2026-04-28,2026-04,Selamat Makan,-8.69,DEBIT,Restaurante,Card Payment,Revolut,4,
2026-04-19,2026-04,Transport for London,-8.9,DEBIT,Transporte,Card Payment,Revolut,4,
2026-04-16,2026-04,itsu,-8.95,DEBIT,Restaurante,Card Payment,Revolut,4,
2026-04-22,2026-04,itsu,-8.95,DEBIT,Restaurante,Card Payment,Revolut,4,
2026-04-08,2026-04,Amazon Prime,-8.99,DEBIT,TV,Card Payment,Revolut,4,
2026-04-25,2026-04,Apple,-8.99,DEBIT,TV,Card Payment,Revolut,4,
2026-04-29,2026-04,Burger King,-9.04,DEBIT,Restaurante,Card Payment,Revolut,4,
2026-04-27,2026-04,Skatecafe,-9.57,DEBIT,Restaurante,Card Payment,Revolut,4,
2026-04-14,2026-04,Sainsbury's,-9.94,DEBIT,Mercado,Card Payment,Revolut,4,
2026-04-21,2026-04,Sainsbury's,-10.11,DEBIT,Mercado,Card Payment,Revolut,4,
2026-04-05,2026-04,Amazon,-10.19,DEBIT,Amazon,Card Payment,Revolut,4,
2026-04-17,2026-04,Sainsbury's,-10.34,DEBIT,Mercado,Card Payment,Revolut,4,
2026-04-03,2026-04,itsu,-10.99,DEBIT,Restaurante,Card Payment,Revolut,4,
2026-04-06,2026-04,Tesco,-11.1,DEBIT,Mercado,Card Payment,Revolut,4,
2026-04-01,2026-04,itsu,-11.94,DEBIT,Restaurante,Card Payment,Revolut,4,
2026-04-15,2026-04,itsu,-11.94,DEBIT,Restaurante,Card Payment,Revolut,4,
2026-04-21,2026-04,itsu,-11.94,DEBIT,Restaurante,Card Payment,Revolut,4,
2026-04-09,2026-04,Honi Poke,-11.95,DEBIT,Restaurante,Card Payment,Revolut,4,
2026-04-19,2026-04,Vision Express Opticians,-11.99,DEBIT,Consulta,Card Payment,Revolut,4,
2026-04-12,2026-04,Nando's,-12,DEBIT,Restaurante,Card Payment,Revolut,4,
2026-04-13,2026-04,Acer,-12.95,DEBIT,Amazon,Card Payment,Revolut,4,
2026-04-03,2026-04,Amazon,-12.98,DEBIT,Amazon,Card Payment,Revolut,4,
2026-04-04,2026-04,YouTube,-12.99,DEBIT,TV,Card Payment,Revolut,4,
2026-04-11,2026-04,Amazon,-12.99,DEBIT,Amazon,Card Payment,Revolut,4,
2026-04-30,2026-04,OVpay,-13.48,DEBIT,Transporte,Card Payment,Revolut,4,
2026-04-02,2026-04,Farmer J,-13.5,DEBIT,Restaurante,Card Payment,Revolut,4,
2026-04-28,2026-04,Snacks & Vlaamse Friet,-13.9,DEBIT,Restaurante,Card Payment,Revolut,4,
2026-04-18,2026-04,Farmer J,-13.95,DEBIT,Restaurante,Card Payment,Revolut,4,
2026-04-23,2026-04,Traditional Pure,-14,DEBIT,Restaurante,Card Payment,Revolut,4,
2026-04-07,2026-04,Sainsbury's,-14.03,DEBIT,Mercado,Card Payment,Revolut,4,
2026-04-07,2026-04,Amazon,-14.44,DEBIT,Amazon,Card Payment,Revolut,4,
2026-04-04,2026-04,Amazon,-14.99,DEBIT,Amazon,Card Payment,Revolut,4,
2026-04-25,2026-04,Voxi,-15,DEBIT,Celular,Card Payment,Revolut,4,
2026-04-25,2026-04,Uber,-15.94,DEBIT,Uber,Card Payment,Revolut,4,
2026-04-08,2026-04,Skatecafe,-16.63,DEBIT,Restaurante,Card Payment,Revolut,4,
2026-04-30,2026-04,The Coffee Spot Spaarne,-16.78,DEBIT,Restaurante,Card Payment,Revolut,4,
2026-04-12,2026-04,Storiboard,-16.99,DEBIT,Amazon,Card Payment,Revolut,4,
2026-04-28,2026-04,Noah Horwitz,-17.37,DEBIT,Restaurante,Card Payment,Revolut,4,
2026-04-29,2026-04,Fortuyn,-17.67,DEBIT,Restaurante,Card Payment,Revolut,4,
2026-04-29,2026-04,Keukenhof,-18.26,DEBIT,Ingresso,Card Payment,Revolut,4,
2026-04-30,2026-04,Stach Eurostar Cs,-18.65,DEBIT,Restaurante,Card Payment,Revolut,4,
2026-04-11,2026-04,Voxi,-20,DEBIT,Celular,Card Payment,Revolut,4,
2026-04-13,2026-04,Amazon,-20.99,DEBIT,Amazon,Card Payment,Revolut,4,
2026-04-05,2026-04,Sainsbury's,-21.49,DEBIT,Mercado,Card Payment,Revolut,4,
2026-04-07,2026-04,Ep Cuts,-22,DEBIT,Cabelo,Card Payment,Revolut,4,
2026-04-04,2026-04,Sainsbury's,-22.07,DEBIT,Mercado,Card Payment,Revolut,4,
2026-04-29,2026-04,Nam Kee,-22.13,DEBIT,Restaurante,Card Payment,Revolut,4,
2026-04-13,2026-04,Amazon,-23.98,DEBIT,Amazon,Card Payment,Revolut,4,
2026-04-19,2026-04,The Solo,-24.81,DEBIT,Restaurante,Card Payment,Revolut,4,
2026-04-11,2026-04,Vision Express Opticians,-30,DEBIT,Consulta,Card Payment,Revolut,4,
2026-04-07,2026-04,Amazon,-30.54,DEBIT,Amazon,Card Payment,Revolut,4,
2026-04-12,2026-04,ODEON,-30.88,DEBIT,Ingresso,Card Payment,Revolut,4,
2026-04-05,2026-04,Amazon,-32.24,DEBIT,Amazon,Card Payment,Revolut,4,
2026-04-06,2026-04,Amazon,-32.92,DEBIT,Amazon,Card Payment,Revolut,4,
2026-04-11,2026-04,Sainsbury's,-38.08,DEBIT,Mercado,Card Payment,Revolut,4,
2026-04-14,2026-04,British Airways,-40,DEBIT,Viagem,Card Payment,Revolut,4,
2026-04-14,2026-04,British Airways,-40,DEBIT,Viagem,Card Payment,Revolut,4,
2026-04-07,2026-04,Amazon,-45.26,DEBIT,Amazon,Card Payment,Revolut,4,
2026-04-27,2026-04,Uber,-47.64,DEBIT,Uber,Card Payment,Revolut,4,
2026-04-03,2026-04,Transport for Amsterdam,-50,DEBIT,Transporte,Card Payment,Revolut,4,
2026-04-05,2026-04,Amazon,-53.99,DEBIT,Amazon,Card Payment,Revolut,4,
2026-04-07,2026-04,Amazon,-65.98,DEBIT,Amazon,Card Payment,Revolut,4,
2026-04-16,2026-04,Goldwood,-72.44,DEBIT,Restaurante,Card Payment,Revolut,4,
2026-04-10,2026-04,To Thalita Reis Verlindo,-80,DEBIT,Limpeza,Transfer,Revolut,4,
2026-04-17,2026-04,Drivalia Recharges,-95,DEBIT,Viagem,Card Payment,Revolut,4,
2026-04-30,2026-04,Virgin Active,-109,DEBIT,Academia,Transfer,Revolut,4,
2026-04-04,2026-04,Resident Advisor,-121,DEBIT,Ingresso,Card Payment,Revolut,4,
2026-04-29,2026-04,Transfer to Victor Bontempi Franca,-131,DEBIT,Restaurante,Transfer,Revolut,4,
2026-04-01,2026-04,Lb Southwark,-104.43,DEBIT,Casa,Transfer,Revolut,4,
2026-04-14,2026-04,British Airways,-698.29,DEBIT,Viagem,Card Payment,Revolut,4,
2026-04-30,2026-04,To Michele Messina,-1598,DEBIT,Aluguel,Transfer,Revolut,4,
2026-07-31,2026-07,Transport for London,-6.1,DEBIT,Transporte,Card Payment,Revolut,7,
2026-07-31,2026-07,Pret A Manger,-16.55,DEBIT,Restaurante,Card Payment,Revolut,7,
2026-07-31,2026-07,Pret A Manger,-5.6,DEBIT,Restaurante,Card Payment,Revolut,7,
2026-07-31,2026-07,Apple,-12.49,DEBIT,TV,Card Payment,Revolut,7,
2026-07-30,2026-07,To Michele Messina,-1598,DEBIT,Aluguel,Transfer,Revolut,7,
2026-07-30,2026-07,Transport for London,-6.1,DEBIT,Transporte,Card Payment,Revolut,7,
2026-07-31,2026-07,Virgin Active,-109,DEBIT,Academia,Transfer,Revolut,7,
2026-07-30,2026-07,itsu,-5.37,DEBIT,Restaurante,Card Payment,Revolut,7,
2026-07-30,2026-07,Vue,-7,DEBIT,Ingresso,Card Payment,Revolut,7,
2026-07-30,2026-07,Souvlakiby,-12,DEBIT,Restaurante,Card Payment,Revolut,7,
2026-07-29,2026-07,Transport for London,-6.1,DEBIT,Transporte,Card Payment,Revolut,7,
2026-07-29,2026-07,Sainsbury's,-5.29,DEBIT,Mercado,Card Payment,Revolut,7,
2026-07-29,2026-07,itsu,-11.94,DEBIT,Restaurante,Card Payment,Revolut,7,
2026-07-28,2026-07,Murger Han,-19.45,DEBIT,Restaurante,Card Payment,Revolut,7,
2026-07-28,2026-07,Sainsbury's,-11.47,DEBIT,Mercado,Card Payment,Revolut,7,
2026-07-28,2026-07,Uber,-18.93,DEBIT,Uber,Card Payment,Revolut,7,
2026-07-28,2026-07,Transport for London,-1.75,DEBIT,Transporte,Card Payment,Revolut,7,
2026-07-27,2026-07,Transport for London,-3.1,DEBIT,Transporte,Card Payment,Revolut,7,
2026-07-27,2026-07,The Westbourne,-14,DEBIT,Restaurante,Card Payment,Revolut,7,
2026-07-27,2026-07,The Westbourne,-14,DEBIT,Restaurante,Card Payment,Revolut,7,
2026-07-27,2026-07,The Westbourne,-18.15,DEBIT,Restaurante,Card Payment,Revolut,7,
2026-07-27,2026-07,The Westbourne,-13.2,DEBIT,Restaurante,Card Payment,Revolut,7,
2026-07-26,2026-07,Transport for London,-1.75,DEBIT,Transporte,Card Payment,Revolut,7,
2026-07-26,2026-07,Sainsbury's,-11.71,DEBIT,Mercado,Card Payment,Revolut,7,
2026-07-26,2026-07,The Hub,-7.2,DEBIT,Restaurante,Card Payment,Revolut,7,
2026-07-25,2026-07,Bell Pharmacy Bow,-6.49,DEBIT,Farmácia,Card Payment,Revolut,7,
2026-07-26,2026-07,Uber Eats,-35.33,DEBIT,Restaurante,Card Payment,Revolut,7,
2026-07-25,2026-07,MOTH Club,-30.5,DEBIT,Ingresso,Card Payment,Revolut,7,
2026-07-25,2026-07,Transport for London,-1.75,DEBIT,Transporte,Card Payment,Revolut,7,
2026-07-25,2026-07,Tesco,-7.25,DEBIT,Mercado,Card Payment,Revolut,7,
2026-07-25,2026-07,Transport for London,-16.3,DEBIT,Transporte,Card Payment,Revolut,7,
2026-07-24,2026-07,Seacontainers 12knot,-105.55,DEBIT,Restaurante,Card Payment,Revolut,7,
2026-07-24,2026-07,Sainsbury's,-17.5,DEBIT,Mercado,Card Payment,Revolut,7,
2026-07-23,2026-07,Transport for London,-6.1,DEBIT,Transporte,Card Payment,Revolut,7,
2026-07-23,2026-07,Thai Square (minories,-113.4,DEBIT,Restaurante,Card Payment,Revolut,7,
2026-07-23,2026-07,Disney+,-5.99,DEBIT,TV,Card Payment,Revolut,7,
2026-07-23,2026-07,Traditional Pure,-14,DEBIT,Restaurante,Card Payment,Revolut,7,
2026-07-22,2026-07,Transport for London,-6.2,DEBIT,Transporte,Card Payment,Revolut,7,
2026-07-22,2026-07,Sainsbury's,-17.29,DEBIT,Mercado,Card Payment,Revolut,7,
2026-07-22,2026-07,itsu,-11.94,DEBIT,Restaurante,Card Payment,Revolut,7,
2026-07-22,2026-07,Playtomic,-18.2,DEBIT,Academia,Card Payment,Revolut,7,
2026-07-22,2026-07,Paramount,-4.99,DEBIT,TV,Card Payment,Revolut,7,
2026-07-21,2026-07,Transport for London,-3.1,DEBIT,Transporte,Card Payment,Revolut,7,
2026-07-21,2026-07,Voxi,-20,DEBIT,Celular,Card Payment,Revolut,7,
2026-07-20,2026-07,Sainsbury's,-1.19,DEBIT,Mercado,Card Payment,Revolut,7,
2026-07-20,2026-07,Sainsbury's,-12.02,DEBIT,Mercado,Card Payment,Revolut,7,
2026-07-20,2026-07,Transport for London,-3,DEBIT,Transporte,Card Payment,Revolut,7,
2026-07-19,2026-07,Hippodrome,-36.62,DEBIT,Restaurante,Card Payment,Revolut,7,
2026-07-19,2026-07,Sainsbury's,-12.5,DEBIT,Mercado,Card Payment,Revolut,7,
2026-07-18,2026-07,Apple,-0.99,DEBIT,TV,Card Payment,Revolut,7,
2026-07-18,2026-07,Transport for London,-6,DEBIT,Transporte,Card Payment,Revolut,7,
2026-07-18,2026-07,Apple,-7.99,DEBIT,TV,Card Payment,Revolut,7,
2026-07-18,2026-07,Pret A Manger,-12.95,DEBIT,Restaurante,Card Payment,Revolut,7,
2026-07-17,2026-07,Transport for London,-6.1,DEBIT,Transporte,Card Payment,Revolut,7,
2026-07-17,2026-07,Anchor Bankside,-21.8,DEBIT,Restaurante,Card Payment,Revolut,7,
2026-07-17,2026-07,Anchor Bankside,-21.6,DEBIT,Restaurante,Card Payment,Revolut,7,
2026-07-17,2026-07,The Banker,-53.1,DEBIT,Restaurante,Card Payment,Revolut,7,
2026-07-16,2026-07,Transfer to Ligia Meire Cipriano Santos,-16,DEBIT,Dinheiro enviado (outra pessoa),Transfer,Revolut,7,
2026-07-17,2026-07,Sainsbury's,-0.49,DEBIT,Mercado,Card Payment,Revolut,7,
2026-07-17,2026-07,Sainsbury's,-9.89,DEBIT,Mercado,Card Payment,Revolut,7,
2026-07-16,2026-07,Transport for London,-8.9,DEBIT,Transporte,Card Payment,Revolut,7,
2026-07-16,2026-07,Mare Street Market,-6.9,DEBIT,Restaurante,Card Payment,Revolut,7,
2026-07-16,2026-07,Pret A Manger,-5.6,DEBIT,Restaurante,Card Payment,Revolut,7,
2026-07-15,2026-07,The Salad Kitchen,-8.55,DEBIT,Restaurante,Card Payment,Revolut,7,
2026-07-15,2026-07,Transport for London,-6.2,DEBIT,Transporte,Card Payment,Revolut,7,
2026-07-15,2026-07,Ls Arepa And,-51.13,DEBIT,Restaurante,Card Payment,Revolut,7,
2026-07-15,2026-07,Pret A Manger,-5.6,DEBIT,Restaurante,Card Payment,Revolut,7,
2026-07-15,2026-07,Emerald Eats,-11,DEBIT,Restaurante,Card Payment,Revolut,7,
2026-07-14,2026-07,Transport for London,-6.2,DEBIT,Transporte,Card Payment,Revolut,7,
2026-07-14,2026-07,Sainsbury's,-21.44,DEBIT,Mercado,Card Payment,Revolut,7,
2026-07-14,2026-07,K10 Sushi,-9.99,DEBIT,Restaurante,Card Payment,Revolut,7,
2026-07-13,2026-07,Transport for London,-3.5,DEBIT,Transporte,Card Payment,Revolut,7,
2026-07-13,2026-07,Sainsbury's,-8.25,DEBIT,Mercado,Card Payment,Revolut,7,
2026-07-13,2026-07,McDonald's,-8.39,DEBIT,Restaurante,Card Payment,Revolut,7,
2026-07-12,2026-07,Transport for London,-8.9,DEBIT,Transporte,Card Payment,Revolut,7,
2026-07-12,2026-07,Breeze,-11.5,DEBIT,Restaurante,Card Payment,Revolut,7,
2026-07-12,2026-07,Sainsbury's,-2,DEBIT,Mercado,Card Payment,Revolut,7,
2026-07-11,2026-07,To FATIH SAGLAM,-10,DEBIT,Dinheiro enviado (outra pessoa),Transfer,Revolut,7,
2026-07-12,2026-07,Merchant House Of Bow,-63,DEBIT,Restaurante,Card Payment,Revolut,7,
2026-07-12,2026-07,Sainsbury's,-22.9,DEBIT,Mercado,Card Payment,Revolut,7,
2026-07-11,2026-07,Transport for London,-6,DEBIT,Transporte,Card Payment,Revolut,7,
2026-07-11,2026-07,Sainsbury's,-5.83,DEBIT,Mercado,Card Payment,Revolut,7,
2026-07-11,2026-07,Apple,-11.99,DEBIT,TV,Card Payment,Revolut,7,
2026-07-10,2026-07,To Thalita Reis Verlindo,-35,DEBIT,Limpeza,Transfer,Revolut,7,
2026-07-11,2026-07,Pret A Manger,-12.95,DEBIT,Restaurante,Card Payment,Revolut,7,
2026-07-10,2026-07,Transport for London,-8.9,DEBIT,Transporte,Card Payment,Revolut,7,
2026-07-10,2026-07,The Rose & Crown,-13,DEBIT,Restaurante,Card Payment,Revolut,7,
2026-07-10,2026-07,The Sun,-16.5,DEBIT,Restaurante,Card Payment,Revolut,7,
2026-07-10,2026-07,The Sun,-8.35,DEBIT,Restaurante,Card Payment,Revolut,7,
2026-07-10,2026-07,Shake Shack,-16.55,DEBIT,Restaurante,Card Payment,Revolut,7,
2026-07-10,2026-07,Apple,-16.99,DEBIT,TV,Card Payment,Revolut,7,
2026-07-09,2026-07,Transport for London,-6.1,DEBIT,Transporte,Card Payment,Revolut,7,
2026-07-09,2026-07,Sainsbury's,-10.35,DEBIT,Mercado,Card Payment,Revolut,7,
2026-07-09,2026-07,itsu,-9.95,DEBIT,Restaurante,Card Payment,Revolut,7,
2026-07-08,2026-07,Transport for London,-7.95,DEBIT,Transporte,Card Payment,Revolut,7,
2026-07-08,2026-07,Sainsbury's,-3.04,DEBIT,Mercado,Card Payment,Revolut,7,
2026-07-08,2026-07,Aylesbury,-19.13,DEBIT,Transporte,Card Payment,Revolut,7,
2026-07-08,2026-07,Amazon Prime,-8.99,DEBIT,TV,Card Payment,Revolut,7,
2026-07-08,2026-07,itsu,-9.86,DEBIT,Restaurante,Card Payment,Revolut,7,
2026-07-08,2026-07,The Salad Project,-25.9,DEBIT,Restaurante,Card Payment,Revolut,7,
2026-07-07,2026-07,Sainsbury's,-7.57,DEBIT,Mercado,Card Payment,Revolut,7,
2026-07-06,2026-07,Transport for London,-7.95,DEBIT,Transporte,Card Payment,Revolut,7,
2026-07-06,2026-07,Filo Brazil,-7.5,DEBIT,Restaurante,Card Payment,Revolut,7,
2026-07-06,2026-07,Quina Bueno Li,-7.5,DEBIT,Restaurante,Card Payment,Revolut,7,
2026-07-06,2026-07,Quina Bueno Li,-12,DEBIT,Restaurante,Card Payment,Revolut,7,
2026-07-06,2026-07,Filo Brazil,-12,DEBIT,Restaurante,Card Payment,Revolut,7,
2026-07-06,2026-07,Filo Brazil,-7.25,DEBIT,Restaurante,Card Payment,Revolut,7,
2026-07-06,2026-07,Eventbrite,-10.79,DEBIT,Ingresso,Card Payment,Revolut,7,
2026-07-06,2026-07,Royal Opera House,-131,DEBIT,Ingresso,Card Payment,Revolut,7,
2026-07-06,2026-07,Sainsbury's,-3,DEBIT,Mercado,Card Payment,Revolut,7,
2026-07-05,2026-07,Transport for London,-6,DEBIT,Transporte,Card Payment,Revolut,7,
2026-07-05,2026-07,Sainsbury's,-10.38,DEBIT,Mercado,Card Payment,Revolut,7,
2026-07-05,2026-07,The Market Porter,-15.4,DEBIT,Restaurante,Card Payment,Revolut,7,
2026-07-05,2026-07,Greggs,-3.1,DEBIT,Restaurante,Card Payment,Revolut,7,
2026-07-04,2026-07,Transport for London,-8.9,DEBIT,Transporte,Card Payment,Revolut,7,
2026-07-04,2026-07,FLAT IRON,-49.14,DEBIT,Restaurante,Card Payment,Revolut,7,
2026-07-05,2026-07,Amazon,-10.56,DEBIT,Amazon,Card Payment,Revolut,7,
2026-07-04,2026-07,Amazon,-17.99,DEBIT,Amazon,Card Payment,Revolut,7,
2026-07-04,2026-07,Amazon,-17.99,DEBIT,Amazon,Card Payment,Revolut,7,
2026-07-04,2026-07,Amazon,-14.3,DEBIT,Amazon,Card Payment,Revolut,7,
2026-07-03,2026-07,Transport for London,-8.9,DEBIT,Transporte,Card Payment,Revolut,7,
2026-07-03,2026-07,Sainsbury's,-3.95,DEBIT,Mercado,Card Payment,Revolut,7,
2026-07-03,2026-07,Tst Caravan Kx,-60.41,DEBIT,Restaurante,Card Payment,Revolut,7,
2026-07-03,2026-07,Tst Caravan Kx,-29.92,DEBIT,Restaurante,Card Payment,Revolut,7,
2026-07-03,2026-07,itsu,-10.99,DEBIT,Restaurante,Card Payment,Revolut,7,
2026-07-03,2026-07,Amazon,-11.04,DEBIT,Amazon,Card Payment,Revolut,7,
2026-07-03,2026-07,Amazon,-25.98,DEBIT,Amazon,Card Payment,Revolut,7,
2026-07-02,2026-07,Sainsbury's,-15.97,DEBIT,Mercado,Card Payment,Revolut,7,
2026-07-02,2026-07,Breeze,-11.5,DEBIT,Restaurante,Card Payment,Revolut,7,
2026-07-01,2026-07,Transport for London,-3.1,DEBIT,Transporte,Card Payment,Revolut,7,
2026-07-01,2026-07,Sainsbury's,-5.18,DEBIT,Mercado,Card Payment,Revolut,7,
2026-06-30,2026-06,To Michele Messina,-1598,DEBIT,Aluguel,Transfer,Revolut,6,
2026-06-30,2026-06,Shake Shack,-16.55,DEBIT,Restaurante,Card Payment,Revolut,6,
2026-07-01,2026-07,Lb Southwark,-100,DEBIT,Casa,Transfer,Revolut,7,
2026-06-30,2026-06,Transport for London,-3.1,DEBIT,Transporte,Card Payment,Revolut,6,
2026-06-30,2026-06,Sainsbury's,-3.25,DEBIT,Mercado,Card Payment,Revolut,6,
2026-06-30,2026-06,Nicholson’s Pubs,-15.2,DEBIT,Restaurante,Card Payment,Revolut,6,
2026-06-30,2026-06,Pret A Manger,-5.5,DEBIT,Restaurante,Card Payment,Revolut,6,
2026-06-30,2026-06,Bnw Food Limited,-10.68,DEBIT,Restaurante,Card Payment,Revolut,6,
2026-06-30,2026-06,Virgin Active,-109,DEBIT,Academia,Transfer,Revolut,6,
2026-06-30,2026-06,Amazon,-74.93,DEBIT,Amazon,Card Payment,Revolut,6,
2026-06-29,2026-06,Breeze,-11.5,DEBIT,Restaurante,Card Payment,Revolut,6,
2026-06-29,2026-06,Amazon,-11.21,DEBIT,Amazon,Card Payment,Revolut,6,
2026-06-28,2026-06,Transport for London,-4.75,DEBIT,Transporte,Card Payment,Revolut,6,
2026-06-28,2026-06,Sainsbury's,-4,DEBIT,Mercado,Card Payment,Revolut,6,
2026-06-28,2026-06,Sainsbury's,-13.4,DEBIT,Mercado,Card Payment,Revolut,6,
2026-06-28,2026-06,Fish! Kitchen,-20.45,DEBIT,Restaurante,Card Payment,Revolut,6,
2026-06-28,2026-06,Amazon,-147.8,DEBIT,Amazon,Card Payment,Revolut,6,
2026-06-27,2026-06,Sainsbury's,-15.05,DEBIT,Mercado,Card Payment,Revolut,6,
2026-06-28,2026-06,Amazon,-12.99,DEBIT,Amazon,Card Payment,Revolut,6,
2026-06-27,2026-06,Amazon,-6.35,DEBIT,Amazon,Card Payment,Revolut,6,
2026-06-27,2026-06,Apple,-1.99,DEBIT,TV,Card Payment,Revolut,6,
2026-06-27,2026-06,Amazon,-19.11,DEBIT,Amazon,Card Payment,Revolut,6,
2026-06-26,2026-06,Transport for London,-8.9,DEBIT,Transporte,Card Payment,Revolut,6,
2026-06-26,2026-06,Acer,-10.5,DEBIT,Amazon,Card Payment,Revolut,6,
2026-06-25,2026-06,Transport for London,-3.1,DEBIT,Transporte,Card Payment,Revolut,6,
2026-06-25,2026-06,Apple,-0.99,DEBIT,TV,Card Payment,Revolut,6,
2026-06-25,2026-06,Apple,-7.99,DEBIT,TV,Card Payment,Revolut,6,
2026-06-25,2026-06,Sainsbury's,-7.22,DEBIT,Mercado,Card Payment,Revolut,6,
2026-06-25,2026-06,Pret A Manger,-5.25,DEBIT,Restaurante,Card Payment,Revolut,6,
2026-06-25,2026-06,itsu,-11.95,DEBIT,Restaurante,Card Payment,Revolut,6,
2026-06-24,2026-06,Transport for London,-4.85,DEBIT,Transporte,Card Payment,Revolut,6,
2026-06-24,2026-06,Sainsbury's,-3.65,DEBIT,Mercado,Card Payment,Revolut,6,
2026-06-24,2026-06,Farmer J,-12.5,DEBIT,Restaurante,Card Payment,Revolut,6,
2026-06-23,2026-06,Transport for London,-6.1,DEBIT,Transporte,Card Payment,Revolut,6,
2026-06-23,2026-06,Disney+,-5.99,DEBIT,TV,Card Payment,Revolut,6,
2026-06-23,2026-06,Pret A Manger,-5.5,DEBIT,Restaurante,Card Payment,Revolut,6,
2026-06-23,2026-06,itsu,-11.94,DEBIT,Restaurante,Card Payment,Revolut,6,
2026-06-22,2026-06,Amazon,-27.46,DEBIT,Amazon,Card Payment,Revolut,6,
2026-06-22,2026-06,Amazon,-6.99,DEBIT,Amazon,Card Payment,Revolut,6,
2026-06-23,2026-06,Amazon,-49.99,DEBIT,Amazon,Card Payment,Revolut,6,
2026-06-22,2026-06,Amazon,-14.99,DEBIT,Amazon,Card Payment,Revolut,6,
2026-06-22,2026-06,Amazon,-19.99,DEBIT,Amazon,Card Payment,Revolut,6,
2026-06-23,2026-06,Amazon,-134.81,DEBIT,Amazon,Card Payment,Revolut,6,
2026-06-22,2026-06,Amazon,-9.99,DEBIT,Amazon,Card Payment,Revolut,6,
2026-06-22,2026-06,Amazon,-10.89,DEBIT,Amazon,Card Payment,Revolut,6,
2026-06-22,2026-06,Sainsbury's,-14.82,DEBIT,Mercado,Card Payment,Revolut,6,
2026-06-21,2026-06,Transport for London,-32,DEBIT,Transporte,Card Payment,Revolut,6,
2026-06-21,2026-06,Voxi,-20,DEBIT,Celular,Card Payment,Revolut,6,
2026-06-21,2026-06,Sainsbury's,-0.4,DEBIT,Mercado,Card Payment,Revolut,6,
2026-06-21,2026-06,Sainsbury's,-17.3,DEBIT,Mercado,Card Payment,Revolut,6,
2026-06-21,2026-06,Ls Arepa And,-19.01,DEBIT,Restaurante,Card Payment,Revolut,6,
2026-06-20,2026-06,Transport for London,-1.5,DEBIT,Transporte,Card Payment,Revolut,6,
2026-06-21,2026-06,Avolta Lhr T3 Wdf Arri,-99.2,DEBIT,Viagem,Card Payment,Revolut,6,
2026-06-19,2026-06,Amazon,-72.28,DEBIT,Amazon,Card Payment,Revolut,6,
2026-06-18,2026-06,British Airways,-80,DEBIT,Viagem,Card Payment,Revolut,6,
2026-06-08,2026-06,Amazon Prime,-8.99,DEBIT,TV,Card Payment,Revolut,6,
2026-06-04,2026-06,YouTube,-12.99,DEBIT,TV,Card Payment,Revolut,6,
2026-05-30,2026-05,To Michele Messina,-1598,DEBIT,Aluguel,Transfer,Revolut,5,
2026-05-30,2026-05,Transport for London,-21.7,DEBIT,Transporte,Card Payment,Revolut,5,
2026-06-01,2026-06,Lb Southwark,-100,DEBIT,Casa,Transfer,Revolut,6,
2026-05-29,2026-05,YO! Sushi,-19.65,DEBIT,Restaurante,Card Payment,Revolut,5,
2026-05-29,2026-05,Honi Poke,-12.9,DEBIT,Restaurante,Card Payment,Revolut,5,
2026-05-28,2026-05,Transport for London,-8.9,DEBIT,Transporte,Card Payment,Revolut,5,
2026-05-29,2026-05,Transport for London,-3.1,DEBIT,Transporte,Card Payment,Revolut,5,
2026-05-29,2026-05,Virgin Active,-109,DEBIT,Academia,Transfer,Revolut,5,
2026-05-28,2026-05,McDonald's,-10.99,DEBIT,Restaurante,Card Payment,Revolut,5,
2026-05-28,2026-05,Pret A Manger,-13,DEBIT,Restaurante,Card Payment,Revolut,5,
2026-05-28,2026-05,The Armoury,-26.5,DEBIT,Restaurante,Card Payment,Revolut,5,
2026-05-28,2026-05,Amazon,-20.99,DEBIT,Amazon,Card Payment,Revolut,5,
2026-05-27,2026-05,Sainsbury's,-2.4,DEBIT,Mercado,Card Payment,Revolut,5,
2026-05-27,2026-05,Sainsbury's,-9.15,DEBIT,Mercado,Card Payment,Revolut,5,
2026-05-25,2026-05,Transfer to Ligia Meire Cipriano Santos,-38.94,DEBIT,Dinheiro enviado (outra pessoa),Transfer,Revolut,5,
2026-05-26,2026-05,Subway,-18.87,DEBIT,Restaurante,Card Payment,Revolut,5,
2026-05-26,2026-05,Mid Sussex Super Cream,-5,DEBIT,Restaurante,Card Payment,Revolut,5,
2026-05-29,2026-05,Pdfguru.com,-0.49,DEBIT,Outros,Card Payment,Revolut,5,
2026-05-26,2026-05,Brighton & Hove Bus and Coach,-3,DEBIT,Transporte,Card Payment,Revolut,5,
2026-05-27,2026-05,Leon,-2.79,DEBIT,Restaurante,Card Payment,Revolut,5,
2026-05-26,2026-05,Sainsbury's,-7,DEBIT,Mercado,Card Payment,Revolut,5,
2026-05-26,2026-05,Transport for London,-7.75,DEBIT,Transporte,Card Payment,Revolut,5,
2026-05-26,2026-05,Transport for London,-7,DEBIT,Transporte,Card Payment,Revolut,5,
2026-05-26,2026-05,Transport for London,-10.1,DEBIT,Transporte,Card Payment,Revolut,5,
2026-05-25,2026-05,Sainsbury's,-5,DEBIT,Mercado,Card Payment,Revolut,5,
2026-05-25,2026-05,Parliament Hill Lido,-17.6,DEBIT,Ingresso,Card Payment,Revolut,5,
2026-05-25,2026-05,Sainsbury's,-6.5,DEBIT,Mercado,Card Payment,Revolut,5,
2026-05-24,2026-05,Sainsbury's,-26.24,DEBIT,Mercado,Card Payment,Revolut,5,
2026-05-24,2026-05,Transport for London,-6.4,DEBIT,Transporte,Card Payment,Revolut,5,
2026-05-23,2026-05,Oc Star,-23,DEBIT,Restaurante,Card Payment,Revolut,5,
2026-05-23,2026-05,Oc Star,-25,DEBIT,Restaurante,Card Payment,Revolut,5,
2026-05-23,2026-05,Oc Star,-25,DEBIT,Restaurante,Card Payment,Revolut,5,
2026-05-23,2026-05,Dines 6049 Brol Grill,-21,DEBIT,Restaurante,Card Payment,Revolut,5,
2026-05-23,2026-05,Oc Star,-12.5,DEBIT,Restaurante,Card Payment,Revolut,5,
2026-05-23,2026-05,Disney+,-5.99,DEBIT,TV,Card Payment,Revolut,5,
2026-05-24,2026-05,Transport for London,-10.4,DEBIT,Transporte,Card Payment,Revolut,5,
2026-05-22,2026-05,Pret A Manger,-4.99,DEBIT,Restaurante,Card Payment,Revolut,5,
2026-05-22,2026-05,The Banker,-7.5,DEBIT,Restaurante,Card Payment,Revolut,5,
2026-05-22,2026-05,The Banker,-8.25,DEBIT,Restaurante,Card Payment,Revolut,5,
2026-05-22,2026-05,Pret A Manger,-5.5,DEBIT,Restaurante,Card Payment,Revolut,5,
2026-05-22,2026-05,itsu,-9.95,DEBIT,Restaurante,Card Payment,Revolut,5,
2026-05-21,2026-05,Transport for London,-3.1,DEBIT,Transporte,Card Payment,Revolut,5,
2026-05-21,2026-05,Sainsbury's,-8.75,DEBIT,Mercado,Card Payment,Revolut,5,
2026-05-21,2026-05,K10 Sushi,-11.89,DEBIT,Restaurante,Card Payment,Revolut,5,
2026-05-20,2026-05,Transport for London,-3.1,DEBIT,Transporte,Card Payment,Revolut,5,
2026-05-20,2026-05,Amazon,-25.41,DEBIT,Amazon,Card Payment,Revolut,5,
2026-05-20,2026-05,Sainsbury's,-6.99,DEBIT,Mercado,Card Payment,Revolut,5,
2026-05-20,2026-05,itsu,-5.75,DEBIT,Restaurante,Card Payment,Revolut,5,
2026-05-20,2026-05,itsu,-11.94,DEBIT,Restaurante,Card Payment,Revolut,5,
2026-05-22,2026-05,Pdfguru.com,-0.49,DEBIT,Outros,Card Payment,Revolut,5,
2026-05-19,2026-05,Leon,-9.5,DEBIT,Restaurante,Card Payment,Revolut,5,
2026-05-18,2026-05,Apple,-0.99,DEBIT,TV,Card Payment,Revolut,5,
2026-05-18,2026-05,Sainsbury's,-9.92,DEBIT,Mercado,Card Payment,Revolut,5,
2026-05-17,2026-05,Transport for London,-3.1,DEBIT,Transporte,Card Payment,Revolut,5,
2026-05-17,2026-05,Transport for London,-8.9,DEBIT,Transporte,Card Payment,Revolut,5,
2026-05-17,2026-05,simply fresh,-1.79,DEBIT,Mercado,Card Payment,Revolut,5,
2026-05-17,2026-05,simply fresh,-5.48,DEBIT,Mercado,Card Payment,Revolut,5,
2026-05-17,2026-05,The Blue Monk,-3.5,DEBIT,Restaurante,Card Payment,Revolut,5,
2026-05-17,2026-05,The Blue Monk,-3.5,DEBIT,Restaurante,Card Payment,Revolut,5,
2026-05-17,2026-05,Boots,-0.9,DEBIT,Farmácia,Card Payment,Revolut,5,
2026-05-17,2026-05,Kanada Ya,-16.5,DEBIT,Restaurante,Card Payment,Revolut,5,
2026-05-16,2026-05,Transport for London,-6,DEBIT,Transporte,Card Payment,Revolut,5,
2026-05-16,2026-05,McDonald's,-10.99,DEBIT,Restaurante,Card Payment,Revolut,5,
2026-05-16,2026-05,Wagtails,-66.26,DEBIT,Restaurante,Card Payment,Revolut,5,
2026-05-16,2026-05,Pret A Manger,-5.5,DEBIT,Restaurante,Card Payment,Revolut,5,
2026-05-16,2026-05,Zambrero,-12.1,DEBIT,Restaurante,Card Payment,Revolut,5,
2026-05-15,2026-05,Sainsbury's,-25.39,DEBIT,Mercado,Card Payment,Revolut,5,
2026-05-14,2026-05,Sainsbury's,-3.95,DEBIT,Mercado,Card Payment,Revolut,5,
2026-05-13,2026-05,Sainsbury's,-4.74,DEBIT,Mercado,Card Payment,Revolut,5,
2026-05-13,2026-05,Shake Shack,-16.55,DEBIT,Restaurante,Card Payment,Revolut,5,
2026-05-12,2026-05,Transport for London,-6.1,DEBIT,Transporte,Card Payment,Revolut,5,
2026-05-12,2026-05,Clarity Check,-29.99,DEBIT,Outros,Card Payment,Revolut,5,
2026-05-17,2026-05,Pdfguru.com,-0.49,DEBIT,Outros,Card Payment,Revolut,5,
2026-05-12,2026-05,itsu,-11.94,DEBIT,Restaurante,Card Payment,Revolut,5,
2026-05-11,2026-05,Sainsbury's,-4.42,DEBIT,Mercado,Card Payment,Revolut,5,
2026-05-11,2026-05,Voxi,-20,DEBIT,Celular,Card Payment,Revolut,5,
2026-05-11,2026-05,Transport for London,-7,DEBIT,Transporte,Card Payment,Revolut,5,
2026-05-10,2026-05,Sainsbury's,-10.74,DEBIT,Mercado,Card Payment,Revolut,5,
2026-05-10,2026-05,Starling Bank,-12.95,DEBIT,Outros,Card Payment,Revolut,5,
2026-05-10,2026-05,The Refinery,-14,DEBIT,Restaurante,Card Payment,Revolut,5,
2026-05-10,2026-05,The Refinery,-3.5,DEBIT,Restaurante,Card Payment,Revolut,5,
2026-05-09,2026-05,Sainsbury's,-12.45,DEBIT,Mercado,Card Payment,Revolut,5,
2026-05-09,2026-05,Agata London,-17.5,DEBIT,Restaurante,Card Payment,Revolut,5,
2026-05-08,2026-05,Amazon Prime,-8.99,DEBIT,TV,Card Payment,Revolut,5,
2026-05-08,2026-05,Sainsbury's,-6.23,DEBIT,Mercado,Card Payment,Revolut,5,
2026-05-08,2026-05,Pret A Manger,-5.5,DEBIT,Restaurante,Card Payment,Revolut,5,
2026-05-08,2026-05,itsu,-11.94,DEBIT,Restaurante,Card Payment,Revolut,5,
2026-05-07,2026-05,Members Lounge,-9,DEBIT,Restaurante,Card Payment,Revolut,5,
2026-05-07,2026-05,itsu,-11.74,DEBIT,Restaurante,Card Payment,Revolut,5,
2026-05-06,2026-05,Transport for London,-3.1,DEBIT,Transporte,Card Payment,Revolut,5,
2026-05-06,2026-05,Sainsbury's,-7.85,DEBIT,Mercado,Card Payment,Revolut,5,
2026-05-06,2026-05,Transport for London,-3.1,DEBIT,Transporte,Card Payment,Revolut,5,
2026-05-05,2026-05,Filigrillz,-2.5,DEBIT,Restaurante,Card Payment,Revolut,5,
2026-05-05,2026-05,Filigrillz,-16,DEBIT,Restaurante,Card Payment,Revolut,5,
2026-05-06,2026-05,Faneproductionsweb,-64.99,DEBIT,Ingresso,Card Payment,Revolut,5,
2026-05-05,2026-05,Clarity Check,-0.5,DEBIT,Outros,Card Payment,Revolut,5,
2026-05-05,2026-05,Clarity Check,-0.5,DEBIT,Outros,Card Payment,Revolut,5,
2026-05-10,2026-05,Pdfguru.com,-0.49,DEBIT,Outros,Card Payment,Revolut,5,
2026-05-04,2026-05,collective,-15.9,DEBIT,Restaurante,Card Payment,Revolut,5,
2026-05-05,2026-05,Sainsbury's,-28.92,DEBIT,Mercado,Card Payment,Revolut,5,
2026-05-04,2026-05,Sainsbury's,-5.98,DEBIT,Mercado,Card Payment,Revolut,5,
2026-05-04,2026-05,Timeleft,-10.49,DEBIT,Ingresso,Card Payment,Revolut,5,
2026-05-03,2026-05,Transport for London,-6,DEBIT,Transporte,Card Payment,Revolut,5,
2026-05-04,2026-05,YouTube,-12.99,DEBIT,TV,Card Payment,Revolut,5,
2026-05-03,2026-05,Sainsbury's,-7.59,DEBIT,Mercado,Card Payment,Revolut,5,
2026-05-03,2026-05,Bnw Food Limited,-8.48,DEBIT,Restaurante,Card Payment,Revolut,5,
2026-05-02,2026-05,Sainsbury's,-23.7,DEBIT,Mercado,Card Payment,Revolut,5,
2026-05-01,2026-05,Lb Southwark,-100,DEBIT,Casa,Transfer,Revolut,5,
2026-05-01,2026-05,Sainsbury's,-22.38,DEBIT,Mercado,Card Payment,Revolut,5,
2026-05-01,2026-05,Golden Fleece,-16,DEBIT,Restaurante,Card Payment,Revolut,5,
2026-05-01,2026-05,Pret A Manger,-5.5,DEBIT,Restaurante,Card Payment,Revolut,5,
2026-05-01,2026-05,Traditional Pure,-14,DEBIT,Restaurante,Card Payment,Revolut,5,
2026-05-01,2026-05,Transport for London,-3.1,DEBIT,Transporte,Card Payment,Revolut,5,
2026-05-01,2026-05,Transport for London,-7,DEBIT,Transporte,Card Payment,Revolut,5,
2026-05-01,2026-05,Transport for London,-6.1,DEBIT,Transporte,Card Payment,Revolut,5,
2026-05-02,2026-05,Pdfguru.com,-0.49,DEBIT,Outros,Card Payment,Revolut,5,
2025-12-01,2025-12,Amazon,-9.6,DEBIT,Amazon,Card Payment,Revolut,12,
2025-12-01,2025-12,eBay,-167.96,DEBIT,Amazon,Card Payment,Revolut,12,
2025-12-01,2025-12,eBay,-102.84,DEBIT,Amazon,Card Payment,Revolut,12,
2025-12-01,2025-12,Amazon,-4.84,DEBIT,Amazon,Card Payment,Revolut,12,
2025-12-02,2025-12,The Mokapot House,-7.5,DEBIT,Restaurante,Card Payment,Revolut,12,
2025-12-02,2025-12,Farmer J,-14.75,DEBIT,Restaurante,Card Payment,Revolut,12,
2025-12-02,2025-12,Transport for London,-8.9,DEBIT,Transporte,Card Payment,Revolut,12,
2025-12-03,2025-12,Tesco,-5.1,DEBIT,Mercado,Card Payment,Revolut,12,
2025-12-03,2025-12,Amazon,-85.72,DEBIT,Amazon,Card Payment,Revolut,12,
2025-12-03,2025-12,Pret A Manger,-5.5,DEBIT,Restaurante,Card Payment,Revolut,12,
2025-12-03,2025-12,Transport for London,-7,DEBIT,Transporte,Card Payment,Revolut,12,
2025-12-04,2025-12,Shake Shack,-16.05,DEBIT,Restaurante,Card Payment,Revolut,12,
2025-12-04,2025-12,Pret A Manger,-5.99,DEBIT,Restaurante,Card Payment,Revolut,12,
2025-12-04,2025-12,Transport for London,-7,DEBIT,Transporte,Card Payment,Revolut,12,
2025-12-05,2025-12,Pret A Manger,-4.25,DEBIT,Restaurante,Card Payment,Revolut,12,
2025-12-05,2025-12,Transport for London,-7,DEBIT,Transporte,Card Payment,Revolut,12,
2025-12-06,2025-12,Gold Star Dry Cleaners,-9.99,DEBIT,Limpeza,Card Payment,Revolut,12,
2025-12-06,2025-12,Amazon,-9.99,DEBIT,Amazon,Card Payment,Revolut,12,
2025-12-07,2025-12,Amazon,-13.99,DEBIT,Amazon,Card Payment,Revolut,12,
2025-12-07,2025-12,Amazon,-12.99,DEBIT,Amazon,Card Payment,Revolut,12,
2025-12-08,2025-12,SpareRoom,-28,DEBIT,Home Box,Card Payment,Revolut,12,
2025-12-08,2025-12,Amazon Prime,-8.99,DEBIT,TV,Card Payment,Revolut,12,
2025-12-08,2025-12,Ocado,-161.75,DEBIT,Mercado,Card Payment,Revolut,12,
2025-12-08,2025-12,L&Q Group,-50,DEBIT,Energia,Card Payment,Revolut,12,
2025-12-08,2025-12,Virgin Media Pymts,-36.99,DEBIT,Internet,Transfer,Revolut,12,
2025-12-09,2025-12,Pret A Manger,-11.49,DEBIT,Restaurante,Card Payment,Revolut,12,
2025-12-09,2025-12,Transport for London,-8.9,DEBIT,Transporte,Card Payment,Revolut,12,
2025-12-10,2025-12,Pret A Manger,-11.74,DEBIT,Restaurante,Card Payment,Revolut,12,
2025-12-10,2025-12,Transport for London,-8.9,DEBIT,Transporte,Card Payment,Revolut,12,
2025-12-11,2025-12,Shake Shack,-16.05,DEBIT,Restaurante,Card Payment,Revolut,12,
2025-12-11,2025-12,Lebanese Kitchen,-12,DEBIT,Restaurante,Card Payment,Revolut,12,
2025-12-11,2025-12,Transport for London,-8.9,DEBIT,Transporte,Card Payment,Revolut,12,
2025-12-12,2025-12,itsu,-11.7,DEBIT,Restaurante,Card Payment,Revolut,12,
2025-12-12,2025-12,Voxi,-20,DEBIT,Celular,Card Payment,Revolut,12,
2025-12-12,2025-12,Pret A Manger,-4.99,DEBIT,Restaurante,Card Payment,Revolut,12,
2025-12-12,2025-12,Transport for London,-6.4,DEBIT,Transporte,Card Payment,Revolut,12,
2025-12-14,2025-12,Amazon,-21.99,DEBIT,Amazon,Card Payment,Revolut,12,
2025-12-14,2025-12,Amazon,-5.44,DEBIT,Amazon,Card Payment,Revolut,12,
2025-12-14,2025-12,Netflix,-5.99,DEBIT,TV,Card Payment,Revolut,12,
2025-12-14,2025-12,Transfer to Ali Naroozi,-60,DEBIT,Droga,Transfer,Revolut,12,
2025-12-15,2025-12,Amazon,-12.69,DEBIT,Amazon,Card Payment,Revolut,12,
2025-12-15,2025-12,Amazon,-15.98,DEBIT,Amazon,Card Payment,Revolut,12,
2025-12-15,2025-12,Amazon,-9.99,DEBIT,Amazon,Card Payment,Revolut,12,
2025-12-15,2025-12,"Royal Botanic Gardens, Kew",-9,DEBIT,Ingresso,Card Payment,Revolut,12,
2025-12-15,2025-12,Transport for London,-5.8,DEBIT,Transporte,Card Payment,Revolut,12,
2025-12-16,2025-12,Amazon,-12.99,DEBIT,Amazon,Card Payment,Revolut,12,
2025-12-17,2025-12,Amazon,-7.99,DEBIT,Amazon,Card Payment,Revolut,12,
2025-12-17,2025-12,Pret A Manger,-4.99,DEBIT,Restaurante,Card Payment,Revolut,12,
2025-12-17,2025-12,Farmer J,-13.5,DEBIT,Restaurante,Card Payment,Revolut,12,
2025-12-17,2025-12,Transport for London,-8.9,DEBIT,Transporte,Card Payment,Revolut,12,
2025-12-18,2025-12,itsu,-9.45,DEBIT,Restaurante,Card Payment,Revolut,12,
2025-12-18,2025-12,Pret A Manger,-4.99,DEBIT,Restaurante,Card Payment,Revolut,12,
2025-12-18,2025-12,Homebox,-383.88,DEBIT,Home Box,Transfer,Revolut,12,
2025-12-18,2025-12,Transport for London,-7,DEBIT,Transporte,Card Payment,Revolut,12,
2025-12-19,2025-12,Shake Shack,-15.95,DEBIT,Restaurante,Card Payment,Revolut,12,
2025-12-19,2025-12,Tesco,-20.96,DEBIT,Mercado,Card Payment,Revolut,12,
2025-12-19,2025-12,Transport for London,-7,DEBIT,Transporte,Card Payment,Revolut,12,
2025-12-19,2025-12,Barber's Lane,-18,DEBIT,Amazon,Card Payment,Revolut,12,
2025-12-20,2025-12,Urban Food Court,-9.25,DEBIT,Restaurante,Card Payment,Revolut,12,
2025-12-20,2025-12,Amazon,-4.99,DEBIT,Amazon,Card Payment,Revolut,12,
2025-12-20,2025-12,Transport for London,-5.8,DEBIT,Transporte,Card Payment,Revolut,12,
2025-12-22,2025-12,Amazon,-13.9,DEBIT,Amazon,Card Payment,Revolut,12,
2025-12-22,2025-12,Tesco,-33.67,DEBIT,Mercado,Card Payment,Revolut,12,
2025-12-22,2025-12,Amazon,-5.95,DEBIT,Amazon,Card Payment,Revolut,12,
2025-12-22,2025-12,Amazon,-14.24,DEBIT,Amazon,Card Payment,Revolut,12,
2025-12-22,2025-12,Payment from BLOOM LP WAGES,4785.77,CREDIT,Salário,Topup,Revolut,12,
2025-12-23,2025-12,Al Masar,-6.95,DEBIT,Restaurante,Card Payment,Revolut,12,
2025-12-23,2025-12,Transport for London,-6.15,DEBIT,Transporte,Card Payment,Revolut,12,
2025-12-24,2025-12,Ocado,-254.92,DEBIT,Mercado,Card Payment,Revolut,12,
2025-12-24,2025-12,Housekeep,-67.25,DEBIT,Limpeza,Card Payment,Revolut,12,
2025-12-24,2025-12,Royal Bike,-35,DEBIT,Transporte,Card Payment,Revolut,12,
2025-12-25,2025-12,Pret A Manger,-5.5,DEBIT,Restaurante,Card Payment,Revolut,12,
2025-12-25,2025-12,Transport for London,-5.8,DEBIT,Transporte,Card Payment,Revolut,12,
2025-12-26,2025-12,Brera,-21.38,DEBIT,Restaurante,Card Payment,Revolut,12,
2025-12-26,2025-12,Ocado,8,CREDIT,Mercado,Card Refund,Revolut,12,
2025-12-27,2025-12,Dines 5937 Coffee Ww,-4.8,DEBIT,Restaurante,Card Payment,Revolut,12,
2025-12-27,2025-12,Dines 6120 Chicken Ww,-12,DEBIT,Restaurante,Card Payment,Revolut,12,
2025-12-27,2025-12,Après-Ski Party Resort,-17.9,DEBIT,Ingresso,Card Payment,Revolut,12,
2025-12-27,2025-12,Transport for London,-2.9,DEBIT,Transporte,Card Payment,Revolut,12,
2025-12-27,2025-12,Hpww 2541,-20,DEBIT,Ingresso,Card Payment,Revolut,12,
2025-12-27,2025-12,Hpww 2688,-10,DEBIT,Ingresso,Card Payment,Revolut,12,
2025-12-27,2025-12,Hpww 2724,-45,DEBIT,Ingresso,Card Payment,Revolut,12,
2025-12-27,2025-12,Hpww 5261,-48,DEBIT,Ingresso,Card Payment,Revolut,12,
2025-12-27,2025-12,Hpww 5941,-20,DEBIT,Ingresso,Card Payment,Revolut,12,
2025-12-27,2025-12,Hpww 5941,-10,DEBIT,Ingresso,Card Payment,Revolut,12,
2025-12-27,2025-12,Hpww 5952,-5,DEBIT,Ingresso,Card Payment,Revolut,12,
2025-12-27,2025-12,Hpww 6084,-10,DEBIT,Ingresso,Card Payment,Revolut,12,
2025-12-27,2025-12,Sports Direct,-28.19,DEBIT,Amazon,Card Payment,Revolut,12,
2025-12-28,2025-12,Costcutter,-11.24,DEBIT,Mercado,Card Payment,Revolut,12,
2025-12-28,2025-12,Duck Shed South,-13.5,DEBIT,Restaurante,Card Payment,Revolut,12,
2025-12-28,2025-12,Disney+,-5.99,DEBIT,TV,Card Payment,Revolut,12,
2025-12-28,2025-12,The Blues Kitchen,-10,DEBIT,Restaurante,Card Payment,Revolut,12,
2025-12-28,2025-12,The Blues Kitchen,-10.5,DEBIT,Restaurante,Card Payment,Revolut,12,
2025-12-28,2025-12,Amazon,-32.24,DEBIT,Amazon,Card Payment,Revolut,12,
2025-12-28,2025-12,Uber,-16.91,DEBIT,Uber,Card Payment,Revolut,12,
2025-12-28,2025-12,Transport for London,-5.8,DEBIT,Transporte,Card Payment,Revolut,12,
2025-12-29,2025-12,Amazon,-40.36,DEBIT,Amazon,Card Payment,Revolut,12,
2025-12-29,2025-12,Amazon Music,-3.49,DEBIT,TV,Card Payment,Revolut,12,
2025-12-30,2025-12,Dines Tsq Churros,-11.5,DEBIT,Restaurante,Card Payment,Revolut,12,
2025-12-30,2025-12,Banana Tree,-54.62,DEBIT,Restaurante,Card Payment,Revolut,12,
2025-12-30,2025-12,Transport for London,-9.8,DEBIT,Transporte,Card Payment,Revolut,12,
2025-12-30,2025-12,Transport for London,-4.65,DEBIT,Transporte,Card Payment,Revolut,12,
2025-12-31,2025-12,Amazon,-55.24,DEBIT,Amazon,Card Payment,Revolut,12,
2025-12-31,2025-12,LW Theatres,-5.5,DEBIT,Ingresso,Card Payment,Revolut,12,
2025-12-31,2025-12,Transport for London,-8.9,DEBIT,Transporte,Card Payment,Revolut,12,
2026-08-03,2026-08,Lb Southwark,-100,DEBIT,Casa,Transfer,Revolut,8,
2026-08-01,2026-08,Shake Shack,-13.75,DEBIT,Restaurante,Card Payment,Revolut,8,
2026-08-01,2026-08,Waxys Little Sister,-16.48,DEBIT,Restaurante,Card Payment,Revolut,8,
2026-08-01,2026-08,Mamasons Dirty Ice,-8.7,DEBIT,Restaurante,Card Payment,Revolut,8,
2026-08-01,2026-08,New Gourmet Kitchen,-12.8,DEBIT,Restaurante,Card Payment,Revolut,8,
2026-08-01,2026-08,Transport for London,-7.95,DEBIT,Transporte,Card Payment,Revolut,8,
2026-08-02,2026-08,Sainsbury's,-8.94,DEBIT,Mercado,Card Payment,Revolut,8,
2026-08-02,2026-08,Tesco,-20.8,DEBIT,Mercado,Card Payment,Revolut,8,
2026-08-02,2026-08,The Anchor & Hope,-13.6,DEBIT,Restaurante,Card Payment,Revolut,8,
2026-08-02,2026-08,Uber,-9.93,DEBIT,Uber,Card Payment,Revolut,8,
2026-08-02,2026-08,Alanya,-43.98,DEBIT,Restaurante,Card Payment,Revolut,8,
2026-08-02,2026-08,Transport for London,-4.85,DEBIT,Transporte,Card Payment,Revolut,8,
2026-08-03,2026-08,Pabellon,-2,DEBIT,Restaurante,Card Payment,Revolut,8,
2026-08-03,2026-08,Sainsbury's,-13.06,DEBIT,Mercado,Card Payment,Revolut,8,
2026-08-03,2026-08,Samsung,-5.99,DEBIT,TV,Card Payment,Revolut,8,
2026-08-03,2026-08,Transport for London,-1.75,DEBIT,Transporte,Card Payment,Revolut,8,
2026-08-03,2026-08,Transfer to MICHELE MESSINA,-166.14,DEBIT,Casa,Transfer,Revolut,8,
2026-08-04,2026-08,itsu,-11.94,DEBIT,Restaurante,Card Payment,Revolut,8,
2026-08-04,2026-08,Pret A Manger,-5.6,DEBIT,Restaurante,Card Payment,Revolut,8,
2026-08-04,2026-08,Transport for London,-6.1,DEBIT,Transporte,Card Payment,Revolut,8,
2026-08-05,2026-08,Bnw Food Limited,-8.98,DEBIT,Restaurante,Card Payment,Revolut,8,
2026-08-06,2026-08,The Otherist,-20.25,DEBIT,Restaurante,Card Payment,Revolut,8,
2026-08-05,2026-08,Sainsbury's,-6.54,DEBIT,Mercado,Card Payment,Revolut,8,
2026-08-05,2026-08,Transport for London,-4.85,DEBIT,Transporte,Card Payment,Revolut,8,
2026-08-06,2026-08,itsu,-2.49,DEBIT,Restaurante,Card Payment,Revolut,8,
2026-08-06,2026-08,itsu,-10.75,DEBIT,Restaurante,Card Payment,Revolut,8,
2026-08-06,2026-08,Transport for London,-8.9,DEBIT,Transporte,Card Payment,Revolut,8,
2026-08-07,2026-08,Shake Shack,-16.55,DEBIT,Restaurante,Card Payment,Revolut,8,
2026-08-07,2026-08,Sainsbury's,-10.15,DEBIT,Mercado,Card Payment,Revolut,8,
2026-08-07,2026-08,Breeze,-11.5,DEBIT,Restaurante,Card Payment,Revolut,8,
2026-08-07,2026-08,Transport for London,-6.7,DEBIT,Transporte,Card Payment,Revolut,8,
2026-08-08,2026-08,Sainsbury's,-4.35,DEBIT,Mercado,Card Payment,Revolut,8,
2026-08-08,2026-08,Sainsbury's,-4.25,DEBIT,Mercado,Card Payment,Revolut,8,
2026-08-08,2026-08,Pret A Manger,-5.6,DEBIT,Restaurante,Card Payment,Revolut,8,
2026-08-08,2026-08,Amazon Prime,-8.99,DEBIT,TV,Card Payment,Revolut,8,
2026-08-08,2026-08,collective,-4,DEBIT,Restaurante,Card Payment,Revolut,8,
2026-08-08,2026-08,Transport for London,-6.2,DEBIT,Transporte,Card Payment,Revolut,8,
2026-08-09,2026-08,Specsavers,-125,DEBIT,Consulta,Card Payment,Revolut,8,
2026-08-09,2026-08,Chipotle,-9.65,DEBIT,Restaurante,Card Payment,Revolut,8,
2026-08-09,2026-08,Marks & Spencer,-2.1,DEBIT,Mercado,Card Payment,Revolut,8,
2026-08-09,2026-08,Snappy Snaps,-19.99,DEBIT,Amazon,Card Payment,Revolut,8,
2026-08-09,2026-08,Sainsbury's,-10.19,DEBIT,Mercado,Card Payment,Revolut,8,
2026-08-09,2026-08,Sainsbury's,-10.5,DEBIT,Mercado,Card Payment,Revolut,8,
2026-08-09,2026-08,Eb Mood Sertanejo Sum,-40.42,DEBIT,Ingresso,Card Payment,Revolut,8,
2026-08-09,2026-08,Apple,-16.99,DEBIT,TV,Card Payment,Revolut,8,
2026-08-09,2026-08,Transport for London,-4.75,DEBIT,Transporte,Card Payment,Revolut,8,
2026-08-10,2026-08,Sainsbury's,-12.68,DEBIT,Mercado,Card Payment,Revolut,8,
2026-08-10,2026-08,Southbank Garden,-34,DEBIT,Restaurante,Card Payment,Revolut,8,
2026-08-10,2026-08,The Thirsty Farrie,-20,DEBIT,Restaurante,Card Payment,Revolut,8,
2026-08-10,2026-08,Between The Bridges,-20,DEBIT,Restaurante,Card Payment,Revolut,8,
2026-08-10,2026-08,Between The Bridges,-16.8,DEBIT,Restaurante,Card Payment,Revolut,8,
2026-08-10,2026-08,Kachori,-68.85,DEBIT,Restaurante,Card Payment,Revolut,8,
2026-08-10,2026-08,Transport for London,-1.75,DEBIT,Transporte,Card Payment,Revolut,8,
2026-08-11,2026-08,Amazon,-12.92,DEBIT,Amazon,Card Payment,Revolut,8,
2026-08-11,2026-08,Amazon,-9.99,DEBIT,Amazon,Card Payment,Revolut,8,
2026-08-12,2026-08,Amazon,-10.41,DEBIT,Amazon,Card Payment,Revolut,8,
2026-08-12,2026-08,Amazon,-2.98,DEBIT,Amazon,Card Payment,Revolut,8,
2026-08-12,2026-08,itsu,-7.49,DEBIT,Restaurante,Card Payment,Revolut,8,
2026-08-12,2026-08,itsu,-2.49,DEBIT,Restaurante,Card Payment,Revolut,8,
2026-08-12,2026-08,Sainsbury's,-18.98,DEBIT,Mercado,Card Payment,Revolut,8,
2026-08-12,2026-08,Transport for London,-3.1,DEBIT,Transporte,Card Payment,Revolut,8,
2026-08-13,2026-08,itsu,-10.99,DEBIT,Restaurante,Card Payment,Revolut,8,
2026-08-13,2026-08,Sainsbury's,-3.39,DEBIT,Mercado,Card Payment,Revolut,8,
2026-08-14,2026-08,Amazon,-11.28,DEBIT,Amazon,Card Payment,Revolut,8,
2026-08-13,2026-08,Transport for London,-6.2,DEBIT,Transporte,Card Payment,Revolut,8,
2026-08-14,2026-08,Honest Burgers,-15.75,DEBIT,Restaurante,Card Payment,Revolut,8,
2026-08-14,2026-08,Sainsbury's,-5.44,DEBIT,Mercado,Card Payment,Revolut,8,
2026-08-14,2026-08,Amazon,-1.25,DEBIT,Amazon,Card Payment,Revolut,8,
2026-08-14,2026-08,Transport for London,-6.2,DEBIT,Transporte,Card Payment,Revolut,8,
2026-08-15,2026-08,Farmer J,-12.5,DEBIT,Restaurante,Card Payment,Revolut,8,
2026-08-15,2026-08,Ep Cuts,-38,DEBIT,Cabelo,Card Payment,Revolut,8,
2026-08-15,2026-08,Sainsbury's,-8.87,DEBIT,Mercado,Card Payment,Revolut,8,
2026-08-16,2026-08,Sainsbury's,-12,DEBIT,Mercado,Card Payment,Revolut,8,
2026-08-17,2026-08,Amazon,-9.5,DEBIT,Amazon,Card Payment,Revolut,8,
2026-08-16,2026-08,Amazon,-10,DEBIT,Amazon,Card Payment,Revolut,8,
2026-08-17,2026-08,Tesco,-1.2,DEBIT,Mercado,Card Payment,Revolut,8,
2026-08-17,2026-08,Lee Valley Farm Park,-2.8,DEBIT,Ingresso,Card Payment,Revolut,8,
2026-08-17,2026-08,Ice Cream,-5,DEBIT,Restaurante,Card Payment,Revolut,8,
2026-08-17,2026-08,Fivestar Cater,-16.65,DEBIT,Restaurante,Card Payment,Revolut,8,
2026-08-16,2026-08,To Jessica Louise Ross,-68,DEBIT,Dinheiro enviado (outra pessoa),Transfer,Revolut,8,
2026-08-16,2026-08,Uber,-18.93,DEBIT,Uber,Card Payment,Revolut,8,
2026-08-18,2026-08,Uber,-20.93,DEBIT,Uber,Card Payment,Revolut,8,
2026-08-17,2026-08,Transport for London,-4.75,DEBIT,Transporte,Card Payment,Revolut,8,
2026-08-18,2026-08,Pret A Manger,-5.6,DEBIT,Restaurante,Card Payment,Revolut,8,
2026-08-18,2026-08,Pure,-9.99,DEBIT,Restaurante,Card Payment,Revolut,8,
2026-08-18,2026-08,Amazon,-17.01,DEBIT,Amazon,Card Payment,Revolut,8,
2026-08-18,2026-08,Sainsbury's,-3.74,DEBIT,Mercado,Card Payment,Revolut,8,
2026-08-18,2026-08,Transport for London,-7.95,DEBIT,Transporte,Card Payment,Revolut,8,
2026-08-18,2026-08,Apple,-0.99,DEBIT,TV,Card Payment,Revolut,8,
2026-08-19,2026-08,Zambrero,-13.6,DEBIT,Restaurante,Card Payment,Revolut,8,
2026-08-19,2026-08,itsu,-8.22,DEBIT,Restaurante,Card Payment,Revolut,8,
2026-08-19,2026-08,Lucy Wong,-18,DEBIT,Restaurante,Card Payment,Revolut,8,
2026-08-19,2026-08,Transport for London,-8.9,DEBIT,Transporte,Card Payment,Revolut,8,
2026-08-20,2026-08,Voxi,-20,DEBIT,Celular,Card Payment,Revolut,8,
2026-08-20,2026-08,BAO,-16.88,DEBIT,Restaurante,Card Payment,Revolut,8,
2026-08-20,2026-08,Pret A Manger,-5.6,DEBIT,Restaurante,Card Payment,Revolut,8,
2026-08-20,2026-08,Hackney Church Bre,-12.7,DEBIT,Restaurante,Card Payment,Revolut,8,
2026-08-20,2026-08,Hackney Church Bre,-6.5,DEBIT,Restaurante,Card Payment,Revolut,8,
2026-08-20,2026-08,Transport for London,-8.45,DEBIT,Transporte,Card Payment,Revolut,8,
2026-08-21,2026-08,The Salad Project,-12.95,DEBIT,Restaurante,Card Payment,Revolut,8,
2026-08-22,2026-08,Paramount,-4.99,DEBIT,TV,Card Payment,Revolut,8,
2026-08-21,2026-08,Transport for London,-1.75,DEBIT,Transporte,Card Payment,Revolut,8,
2026-08-25,2026-08,Ryanair,-94.49,DEBIT,Viagem,Card Payment,Revolut,8,
2026-08-22,2026-08,Sainsbury's,-27.17,DEBIT,Mercado,Card Payment,Revolut,8,
2026-08-23,2026-08,Fivestar Cater,-26.3,DEBIT,Restaurante,Card Payment,Revolut,8,
2026-08-23,2026-08,Fivestar Cater,-2.45,DEBIT,Restaurante,Card Payment,Revolut,8,
2026-08-23,2026-08,The Eleanor Arms,-12.1,DEBIT,Restaurante,Card Payment,Revolut,8,
2026-08-23,2026-08,Uber Eats,-31.48,DEBIT,Restaurante,Card Payment,Revolut,8,
2026-08-24,2026-08,Transport for London,-19.4,DEBIT,Transporte,Card Payment,Revolut,8,
2026-08-24,2026-08,Transport for London,-3.95,DEBIT,Transporte,Card Payment,Revolut,8,
2026-08-23,2026-08,Boulangerie Jade,-26.8,DEBIT,Restaurante,Card Payment,Revolut,8,
2026-08-23,2026-08,Boulangerie Jade,-2,DEBIT,Restaurante,Card Payment,Revolut,8,
2026-08-24,2026-08,Galata Cafe,-5.2,DEBIT,Restaurante,Card Payment,Revolut,8,
2026-08-24,2026-08,Bombay Corner London,-11.08,DEBIT,Restaurante,Card Payment,Revolut,8,
2026-08-23,2026-08,To Thalita Reis Verlindo Limpeza,-62.5,DEBIT,Limpeza,Transfer,Revolut,8,
2026-08-25,2026-08,Indochine,-14,DEBIT,Restaurante,Card Payment,Revolut,8,
2026-08-25,2026-08,Pret A Manger,-5.6,DEBIT,Restaurante,Card Payment,Revolut,8,
2026-08-25,2026-08,Sainsbury's,-10.22,DEBIT,Mercado,Card Payment,Revolut,8,
2026-08-25,2026-08,Transport for London,-6.2,DEBIT,Transporte,Card Payment,Revolut,8,
2026-08-26,2026-08,itsu,-2.49,DEBIT,Restaurante,Card Payment,Revolut,8,
2026-08-26,2026-08,Sainsbury's,-6.33,DEBIT,Mercado,Card Payment,Revolut,8,
2026-08-27,2026-08,Amazon,-65.8,DEBIT,Amazon,Card Payment,Revolut,8,
2026-08-27,2026-08,T.M.Lewin,-154.95,DEBIT,Amazon,Card Payment,Revolut,8,
2026-08-26,2026-08,Samsung,-9.99,DEBIT,TV,Card Payment,Revolut,8,
2026-08-26,2026-08,Transport for London,-6.2,DEBIT,Transporte,Card Payment,Revolut,8,
2026-08-27,2026-08,itsu,-10.99,DEBIT,Restaurante,Card Payment,Revolut,8,
2026-08-27,2026-08,Sainsbury's,-3.59,DEBIT,Mercado,Card Payment,Revolut,8,
2026-08-27,2026-08,Padium Padel,-40,DEBIT,Padel,Card Payment,Revolut,8,
2026-08-27,2026-08,Amazon,-107.07,DEBIT,Amazon,Card Payment,Revolut,8,
2026-08-27,2026-08,Transport for London,-3.1,DEBIT,Transporte,Card Payment,Revolut,8,
2026-08-28,2026-08,The Salad Project,-12.95,DEBIT,Restaurante,Card Payment,Revolut,8,
2026-08-28,2026-08,Cornercorner.com,-16,DEBIT,Restaurante,Card Payment,Revolut,8,
2026-08-28,2026-08,Transport for London,-8.9,DEBIT,Transporte,Card Payment,Revolut,8,
2026-08-28,2026-08,Virgin Active,-109,DEBIT,Academia,Transfer,Revolut,8,
2026-08-29,2026-08,Mono London,-25.4,DEBIT,Amazon,Card Payment,Revolut,8,
2026-08-29,2026-08,Pret A Manger,-2.8,DEBIT,Restaurante,Card Payment,Revolut,8,
2026-08-29,2026-08,Argentinian Grill,-14,DEBIT,Restaurante,Card Payment,Revolut,8,
2026-08-29,2026-08,Hermanos Taco House,-15,DEBIT,Restaurante,Card Payment,Revolut,8,
2026-08-29,2026-08,Dines Cocktail Caravn,-12.4,DEBIT,Restaurante,Card Payment,Revolut,8,
2026-08-29,2026-08,Dines Cocktail Caravn,-24.8,DEBIT,Restaurante,Card Payment,Revolut,8,
2026-08-29,2026-08,Transport for London,-6.2,DEBIT,Transporte,Card Payment,Revolut,8,
2026-08-29,2026-08,Amazon,-22.48,DEBIT,Amazon,Card Payment,Revolut,8,
2026-08-30,2026-08,Amazon,-32.99,DEBIT,Amazon,Card Payment,Revolut,8,
2026-08-29,2026-08,Amazon,-4.8,DEBIT,Amazon,Card Payment,Revolut,8,
2026-08-30,2026-08,Rice Guys Canary,-10.8,DEBIT,Restaurante,Card Payment,Revolut,8,
2026-08-30,2026-08,Sainsbury's,-17.65,DEBIT,Mercado,Card Payment,Revolut,8,
2026-08-31,2026-08,Transport for London,-6.2,DEBIT,Transporte,Card Payment,Revolut,8,
2026-08-30,2026-08,To Michele Messina,-1598,DEBIT,Aluguel,Transfer,Revolut,8,
2026-08-31,2026-08,Amazon,-18.99,DEBIT,Amazon,Card Payment,Revolut,8,
2026-08-30,2026-08,Amazon,-30.7,DEBIT,Amazon,Card Payment,Revolut,8,
2026-08-31,2026-08,Amazon,-16.48,DEBIT,Amazon,Card Payment,Revolut,8,
2026-08-31,2026-08,Amazon,-30.7,DEBIT,Amazon,Card Payment,Revolut,8,
2026-08-31,2026-08,Sainsbury's,-12.3,DEBIT,Mercado,Card Payment,Revolut,8,